DELETE FROM Race_Results;
DELETE FROM Ticketing;
DELETE FROM Driver_Standings;
DELETE FROM Team_Standings;
DELETE FROM Tickets;
DELETE FROM Drivers;
DELETE FROM Teams;
DELETE FROM Circuits;
DELETE FROM Championships;

/*Teams Table*/
INSERT INTO Teams (Team_Name, Base) VALUES
    ('Red Bull Racing', 'Milton Keynes, United Kingdom'),
    ('Ferrari', 'Maranello, Italy'),
    ('Mercedes', 'Brackley, United Kingdom'),
    ('Alpine', 'Enstone, United Kingdom'),
    ('McLaren', 'Woking, United Kingdom'),
    ('Alfa Romeo', 'Hinwil, Switzerland'),
    ('Aston Martin', 'Silverstone, United Kingdom'),
    ('Haas', 'Kannapolis, United States'),
    ('AlphaTauri', 'Faenza, Italy'),
    ('Williams', 'Grove, United Kingdom'),
    ('RB', 'Faenza, Italy'),
    ('Kick Sauber', 'Hinwil, Switzerland');
    
/*Championships Table*/
INSERT INTO Championships(Year, Total_Races) VALUES
    (2022, 22),
    (2023, 22),
    (2024, 24);
    
/*Drivers Table*/
INSERT INTO Drivers (Driver_ID, Driver_name, Driver_number, Team_Name, Nationality, DOB) VALUES
    ('F1001', 'Max Verstappen', 1, 'Red Bull Racing', 'Netherlands', '1997-09-30'),
    ('F1002', 'Charles Leclerc', 16, 'Ferrari', 'Monaco', '1997-10-16'),
    ('F1003', 'Sergio Perez', 11, 'Red Bull Racing', 'Mexico', '1990-01-26'),
    ('F1004', 'George Russell', 63, 'Mercedes', 'United Kingdom', '1998-02-15'),
    ('F1005', 'Carlos Sainz', 55, 'Ferrari', 'Spain', '1994-09-01'),
    ('F1006', 'Lewis Hamilton', 44, 'Mercedes', 'United Kingdom', '1985-01-07'),
    ('F1007', 'Lando Norris', 4, 'McLaren', 'United Kingdom', '1999-11-13'),
    ('F1008', 'Esteban Ocon', 31, 'Alpine', 'France', '1996-09-17'),
    ('F1009', 'Fernando Alonso', 14, 'Aston Martin', 'Spain', '1981-07-29'),
    ('F1010', 'Valtteri Bottas', 77, 'Kick Sauber', 'Finland', '1989-08-28'),
    ('F1011', 'Daniel Ricciardo', 3, 'RB', 'Australia', '1989-07-01'),
    ('F1012', 'Sebastian Vettel', 5, 'Aston Martin', 'Germany', '1987-07-03'),
    ('F1013', 'Kevin Magnussen', 20, 'Haas', 'Denmark', '1992-10-05'),
    ('F1014', 'Pierre Gasly', 10, 'Alpine', 'France', '1996-02-07'),
    ('F1015', 'Lance Stroll', 18, 'Aston Martin', 'Canada', '1998-10-29'),
    ('F1016', 'Mick Schumacher', 47, 'Haas', 'Germany', '1999-03-22'),
    ('F1017', 'Yuki Tsunoda', 22, 'RB', 'Japan', '2000-05-11'),
    ('F1018', 'Guanyu Zhou', 24, 'Kick Sauber', 'China', '1999-05-30'),
    ('F1019', 'Alexander Albon', 23, 'Williams', 'Thailand', '1996-03-23'),
    ('F1020', 'Nyck De Vries', 45, 'Williams', 'Netherlands', '1995-02-06'),
    ('F1021', 'Nicholas Latifi', 6, 'Williams', 'Canada', '1995-06-29'),
    ('F1022', 'Nyck De Vries', 21, 'AlphaTauri', 'Netherlands', '1995-02-06'),
    ('F1023', 'Nico Hulkenberg', 27, 'Haas', 'Germany', '1987-08-19'),
    ('F1024', 'Oscar Piastri', 81, 'McLaren', 'Australia', '2001-04-06'),
    ('F1025', 'Liam Lawson', 30, 'RB', 'New Zealand', '2002-02-11'),
    ('F1026', 'Logan Sargeant', 2, 'Williams', 'United States', '2000-12-31'),
    ('F1027', 'Oliver Bearman', 50, 'Haas', 'United Kingdom', '2005-05-08'),
    ('F1028', 'Oliver Bearman', 38, 'Ferrari', 'United Kingdom', '2005-05-08'),
    ('F1029', 'Franco Colapinto', 43, 'Williams', 'Argentina', '2003-05-27'),
    ('F1030', 'Jack Doohan', 61, 'Alpine', 'Australia', '2003-01-20');


/*Circuits Table*/
INSERT INTO Circuits (Circuit_ID, Circuit_Name, Track, Location) VALUES
('C01', 'Bahrain International Circuit', 'Bahrain', 'Sakhir'),
('C02', 'Jeddah Corniche Circuit', 'Saudi Arabia', 'Jeddah'),
('C03', 'Albert Park Circuit', 'Australia', 'Melbourne'),
('C04', 'Suzuka International Racing Course', 'Japan', 'Suzuka'),
('C05', 'Shanghai International Circuit', 'China', 'Shanghai'),
('C06', 'Miami International Autodrome', 'Miami', 'Miami'),
('C07', 'Imola Circuit (Autodromo Enzo e Dino Ferrari)', 'Emilia Romagna', 'Imola'),
('C08', 'Circuit de Monaco', 'Monaco', 'Monte Carlo'),
('C09', 'Circuit Gilles Villeneuve', 'Canada', 'Montreal'),
('C10', 'Circuit de Barcelona-Catalunya', 'Spain', 'Barcelona'),
('C11', 'Red Bull Ring', 'Austria', 'Spielberg'),
('C12', 'Silverstone Circuit', 'Great Britain', 'Silverstone'),
('C13', 'Hungaroring', 'Hungary', 'Mogyoród'),
('C14', 'Circuit de Spa-Francorchamps', 'Belgium', 'Stavelot'),
('C15', 'Circuit Paul Ricard', 'France', 'Le Castellet'),
('C16', 'Circuit Zandvoort', 'Netherlands', 'Zandvoort'),
('C17', 'Monza Circuit (Autodromo Nazionale Monza)', 'Italy', 'Monza'),
('C18', 'Baku City Circuit', 'Azerbaijan', 'Baku'),
('C19', 'Marina Bay Street Circuit', 'Singapore', 'Singapore'),
('C20', 'Circuit of the Americas', 'United States', 'Austin'),
('C21', 'Autódromo Hermanos Rodríguez', 'Mexico', 'Mexico City'),
('C22', 'Interlagos (Autódromo José Carlos Pace)', 'Brazil', 'São Paulo'),
('C23', 'Las Vegas Strip Circuit', 'Las Vegas', 'Las Vegas'),
('C24', 'Lusail International Circuit', 'Qatar', 'Lusail'),
('C25', 'Yas Marina Circuit', 'Abu Dhabi', 'Abu Dhabi');


/*Tickets Table*/
INSERT INTO Tickets (Ticket_ID, Type) VALUES
(1, 'General Admission (GA)'),
(2, 'Grandstand Tickets'),
(3, 'Main Grandstand'),
(4, 'Turn Grandstands'),
(5, 'Team Hospitality'),
(6, 'Camping Tickets'),
(7, 'Premium Grandstand Tickets'),
(8, 'Paddock Club');


/*Driver Standings*/
INSERT INTO Driver_Standings (Year, Final_Position, Driver_ID, Car, Total_Points) VALUES
(2024, 1, 'F1001', 'Red Bull Racing Honda RBPT', 437),
(2024, 2, 'F1007', 'McLaren Mercedes', 374),
(2024, 3, 'F1002', 'Ferrari', 356),
(2024, 4, 'F1024', 'McLaren Mercedes', 292),
(2024, 5, 'F1005', 'Ferrari', 290),
(2024, 6, 'F1004', 'Mercedes', 245),
(2024, 7, 'F1006', 'Mercedes', 223),
(2024, 8, 'F1003', 'Red Bull Racing Honda RBPT', 152),
(2024, 9, 'F1009', 'Aston Martin Aramco Mercedes', 70),
(2024, 10, 'F1014', 'Alpine Renault', 42),
(2024, 11, 'F1023', 'Haas Ferrari', 41),
(2024, 12, 'F1017', 'RB Honda RBPT', 30),
(2024, 13, 'F1015', 'Aston Martin Aramco Mercedes', 24),
(2024, 14, 'F1008', 'Alpine Renault', 23),
(2024, 15, 'F1013', 'Haas Ferrari', 16),
(2024, 16, 'F1019', 'Williams Mercedes', 12),
(2024, 17, 'F1011', 'RB Honda RBPT', 12),
(2024, 18, 'F1027', 'Haas Ferrari', 7),
(2024, 19, 'F1029', 'Williams Mercedes', 5),
(2024, 20, 'F1018', 'Kick Sauber Ferrari', 4),
(2024, 21, 'F1025', 'RB Honda RBPT', 4),
(2024, 22, 'F1010', 'Kick Sauber Ferrari', 0),
(2024, 23, 'F1026', 'Williams Mercedes', 0),
(2024, 24, 'F1030', 'Alpine Renault', 0),
(2023, 1, 'F1001', 'Red Bull Racing Honda RBPT', 575),
(2023, 2, 'F1003', 'Red Bull Racing Honda RBPT', 285),
(2023, 3, 'F1006', 'Mercedes', 234),
(2023, 4, 'F1009', 'Aston Martin Aramco Mercedes', 206),
(2023, 5, 'F1002', 'Ferrari', 206),
(2023, 6, 'F1007', 'McLaren Mercedes', 205),
(2023, 7, 'F1005', 'Ferrari', 200),
(2023, 8, 'F1004', 'Mercedes', 175),
(2023, 9, 'F1024', 'McLaren Mercedes', 97),
(2023, 10, 'F1015', 'Aston Martin Aramco Mercedes', 74),
(2023, 11, 'F1014', 'Alpine Renault', 62),
(2023, 12, 'F1008', 'Alpine Renault', 58),
(2023, 13, 'F1019', 'Williams Mercedes', 27),
(2023, 14, 'F1017', 'AlphaTauri Honda RBPT', 17),
(2023, 15, 'F1010', 'Alfa Romeo Ferrari', 10),
(2023, 16, 'F1023', 'Haas Ferrari', 9),
(2023, 17, 'F1011', 'AlphaTauri Honda RBPT', 6),
(2023, 18, 'F1018', 'Alfa Romeo Ferrari', 6),
(2023, 19, 'F1013', 'Haas Ferrari', 3),
(2023, 20, 'F1025', 'AlphaTauri Honda RBPT', 2),
(2023, 21, 'F1026', 'Williams Mercedes', 1),
(2023, 22, 'F1022', 'AlphaTauri Honda RBPT', 0),
(2022, 1, 'F1001', 'Red Bull Racing RBPT', 454),
(2022, 2, 'F1002', 'Ferrari', 308),
(2022, 3, 'F1003', 'Red Bull Racing RBPT', 305),
(2022, 4, 'F1004', 'Mercedes', 275),
(2022, 5, 'F1005', 'Ferrari', 246),
(2022, 6, 'F1006', 'Mercedes', 240),
(2022, 7, 'F1007', 'McLaren Mercedes', 122),
(2022, 8, 'F1008', 'Alpine Renault', 92),
(2022, 9, 'F1009', 'Alpine Renault', 81),
(2022, 10, 'F1010', 'Alfa Romeo Ferrari', 49),
(2022, 11, 'F1011', 'McLaren Mercedes', 37),
(2022, 12, 'F1012', 'Aston Martin Aramco Mercedes', 37),
(2022, 13, 'F1013', 'Haas Ferrari', 25),
(2022, 14, 'F1014', 'AlphaTauri RBPT', 23),
(2022, 15, 'F1015', 'Aston Martin Aramco Mercedes', 18),
(2022, 16, 'F1016', 'Haas Ferrari', 12),
(2022, 17, 'F1017', 'AlphaTauri RBPT', 12),
(2022, 18, 'F1018', 'Alfa Romeo Ferrari', 6),
(2022, 19, 'F1019', 'Williams Mercedes', 4),
(2022, 20, 'F1021', 'Williams Mercedes', 2),
(2022, 21, 'F1020', 'Williams Mercedes', 2),
(2022, 22, 'F1023', 'Aston Martin Aramco Mercedes', 0);


/*Team Standings*/
INSERT INTO Team_Standings (Year, Final_Position, Team_Name, Total_Points) VALUES
(2024, 1, 'McLaren', 666),
(2024, 2, 'Ferrari', 652),
(2024, 3, 'Red Bull Racing', 589),
(2024, 4, 'Mercedes', 468),
(2024, 5, 'Aston Martin', 94),
(2024, 6, 'Alpine', 65),
(2024, 7, 'Haas', 58),
(2024, 8, 'RB', 46),
(2024, 9, 'Williams', 17),
(2024, 10, 'Kick Sauber', 4),
(2023, 1, 'Red Bull Racing', 860),
(2023, 2, 'Mercedes', 409),
(2023, 3, 'Ferrari', 406),
(2023, 4, 'McLaren', 302),
(2023, 5, 'Aston Martin', 280),
(2023, 6, 'Alpine', 120),
(2023, 7, 'Williams', 28),
(2023, 8, 'AlphaTauri', 25),
(2023, 9, 'Alfa Romeo', 16),
(2023, 10, 'Haas', 12),
(2022, 1, 'Red Bull Racing', 759),
(2022, 2, 'Ferrari', 554),
(2022, 3, 'Mercedes', 515),
(2022, 4, 'Alpine', 173),
(2022, 5, 'McLaren', 159),
(2022, 6, 'Alfa Romeo', 55),
(2022, 7, 'Aston Martin', 55),
(2022, 8, 'Haas', 37),
(2022, 9, 'AlphaTauri', 35),
(2022, 10, 'Williams', 8);

/*Ticketing*/
INSERT INTO Ticketing (Ticket_ID, Circuit_ID, Price) VALUES
(1, 'C01', 150.00),
(2, 'C01', 300.00),
(3, 'C01', 500.00),
(4, 'C01', 400.00),
(5, 'C01', 1200.00),
(6, 'C01', 100.00),
(7, 'C01', 600.00),
(8, 'C01', 5000.00),
(1, 'C02', 180.00),
(2, 'C02', 350.00),
(3, 'C02', 550.00),
(4, 'C02', 450.00),
(5, 'C02', 1300.00),
(6, 'C02', 120.00),
(7, 'C02', 650.00),
(8, 'C02', 5200.00),
(1, 'C03', 160.00),
(2, 'C03', 320.00),
(3, 'C03', 530.00),
(4, 'C03', 420.00),
(5, 'C03', 1250.00),
(6, 'C03', 110.00),
(7, 'C03', 620.00),
(8, 'C03', 5100.00),
(1, 'C07', 170.00),
(2, 'C07', 360.00),
(3, 'C07', 550.00),
(4, 'C07', 450.00),
(5, 'C07', 1300.00),
(6, 'C07', 120.00),
(7, 'C07', 650.00),
(8, 'C07', 5200.00),
(1, 'C06', 200.00),
(2, 'C06', 400.00),
(3, 'C06', 600.00),
(4, 'C06', 500.00),
(5, 'C06', 1500.00),
(6, 'C06', 140.00),
(7, 'C06', 750.00),
(8, 'C06', 6500.00),
(1, 'C10', 170.00),
(2, 'C10', 350.00),
(3, 'C10', 550.00),
(4, 'C10', 450.00),
(5, 'C10', 1300.00),
(6, 'C10', 120.00),
(7, 'C10', 650.00),
(8, 'C10', 5200.00),
(1, 'C08', 200.00),
(2, 'C08', 500.00),
(3, 'C08', 700.00),
(4, 'C08', 600.00),
(5, 'C08', 2500.00),
(6, 'C08', 150.00),
(7, 'C08', 900.00),
(8, 'C08', 7500.00),
(1, 'C18', 160.00),
(2, 'C18', 340.00),
(3, 'C18', 530.00),
(4, 'C18', 440.00),
(5, 'C18', 1280.00),
(6, 'C18', 115.00),
(7, 'C18', 640.00),
(8, 'C18', 5150.00),
(1, 'C09', 180.00),
(2, 'C09', 370.00),
(3, 'C09', 570.00),
(4, 'C09', 460.00),
(5, 'C09', 1350.00),
(6, 'C09', 125.00),
(7, 'C09', 660.00),
(8, 'C09', 5250.00),
(1, 'C12', 190.00),
(2, 'C12', 370.00),
(3, 'C12', 570.00),
(4, 'C12', 460.00),
(5, 'C12', 1350.00),
(6, 'C12', 130.00),
(7, 'C12', 670.00),
(8, 'C12', 5300.00),
(1, 'C11', 180.00),
(2, 'C11', 360.00),
(3, 'C11', 560.00),
(4, 'C11', 460.00),
(5, 'C11', 1320.00),
(6, 'C11', 125.00),
(7, 'C11', 660.00),
(8, 'C11', 5250.00),
(1, 'C15', 175.00),
(2, 'C15', 350.00),
(3, 'C15', 550.00),
(4, 'C15', 450.00),
(5, 'C15', 1300.00),
(6, 'C15', 120.00),
(7, 'C15', 650.00),
(8, 'C15', 5200.00),
(1, 'C13', 170.00),
(2, 'C13', 340.00),
(3, 'C13', 530.00),
(4, 'C13', 440.00),
(5, 'C13', 1280.00),
(6, 'C13', 115.00),
(7, 'C13', 640.00),
(8, 'C13', 5150.00),
(1, 'C14', 175.00),
(2, 'C14', 350.00),
(3, 'C14', 550.00),
(4, 'C14', 450.00),
(5, 'C14', 1300.00),
(6, 'C14', 120.00),
(7, 'C14', 650.00),
(8, 'C14', 5200.00),
(1, 'C16', 180.00),
(2, 'C16', 350.00),
(3, 'C16', 500.00),
(4, 'C16', 400.00),
(5, 'C16', 1200.00),
(6, 'C16', 100.00),
(7, 'C16', 600.00),
(8, 'C16', 5000.00),
(1, 'C17', 180.00),
(2, 'C17', 350.00),
(3, 'C17', 500.00),
(4, 'C17', 400.00),
(5, 'C17', 1200.00),
(6, 'C17', 100.00),
(7, 'C17', 600.00),
(8, 'C17', 5000.00),
(1, 'C19', 250.00),
(2, 'C19', 450.00),
(3, 'C19', 650.00),
(4, 'C19', 500.00),
(5, 'C19', 1300.00),
(6, 'C19', 150.00),
(7, 'C19', 750.00),
(8, 'C19', 5200.00),
(1, 'C04', 170.00),
(2, 'C04', 340.00),
(3, 'C04', 520.00),
(4, 'C04', 430.00),
(5, 'C04', 1280.00),
(6, 'C04', 115.00),
(7, 'C04', 630.00),
(8, 'C04', 5150.00),
(1, 'C20', 190.00),
(2, 'C20', 380.00),
(3, 'C20', 580.00),
(4, 'C20', 470.00),
(5, 'C20', 1400.00),
(6, 'C20', 130.00),
(7, 'C20', 670.00),
(8, 'C20', 5300.00),
(1, 'C21', 200.00),
(2, 'C21', 350.00),
(3, 'C21', 500.00),
(4, 'C21', 450.00),
(5, 'C21', 1300.00),
(6, 'C21', 120.00),
(7, 'C21', 650.00),
(8, 'C21', 5200.00),
(1, 'C22', 180.00),
(2, 'C22', 330.00),
(3, 'C22', 480.00),
(4, 'C22', 420.00),
(5, 'C22', 1250.00),
(6, 'C22', 110.00),
(7, 'C22', 620.00),
(8, 'C22', 5100.00),
(1, 'C25', 220.00),
(2, 'C25', 450.00),
(3, 'C25', 720.00),
(4, 'C25', 610.00),
(5, 'C25', 2600.00),
(6, 'C25', 160.00),
(7, 'C25', 950.00),
(8, 'C25', 7700.00);

/*Race_Results*/
INSERT INTO Race_Results (Circuit_ID, Position, Driver_ID, Team_Name, Starting_Grid, Time_or_Retired, Points, Year) VALUES
('C01', 1, 'F1002', 'Ferrari', 1, '37:33.6', 26, 2022),
('C01', 2, 'F1005', 'Ferrari', 3, '5.598', 18, 2022),
('C01', 3, 'F1006', 'Mercedes', 5, '9.675', 15, 2022),
('C01', 4, 'F1004', 'Mercedes', 9, '11.211', 12, 2022),
('C01', 5, 'F1013', 'Haas', 7, '14.754', 10, 2022),
('C01', 6, 'F1010', 'Alfa Romeo', 6, '16.119', 8, 2022),
('C01', 7, 'F1008', 'Alpine', 11, '19.423', 6, 2022),
('C01', 8, 'F1017', 'AlphaTauri', 16, '20.386', 4, 2022),
('C01', 9, 'F1009', 'Alpine', 8, '22.39', 2, 2022),
('C01', 10, 'F1018', 'Alfa Romeo', 15, '23.064', 1, 2022),
('C01', 11, 'F1016', 'Haas', 12, '32.574', 0, 2022),
('C01', 12, 'F1015', 'Aston Martin', 19, '45.873', 0, 2022),
('C01', 13, 'F1019', 'Williams', 14, '53.932', 0, 2022),
('C01', 14, 'F1011', 'Mclaren', 18, '54.975', 0, 2022),
('C01', 15, 'F1007', 'Mclaren', 13, '56.335', 0, 2022),
('C01', 16, 'F1021', 'Williams', 20, '61.795', 0, 2022),
('C01', 17, 'F1023', 'Aston Martin', 17, '63.829', 0, 2022),
('C01', 18, 'F1003', 'Red Bull Racing', 4, 'DNF', 0, 2022),
('C01', 19, 'F1001', 'Red Bull Racing', 2, 'DNF', 0, 2022),
('C01', NULL, 'F1014', 'AlphaTauri', 10, 'DNF', 0, 2022),
('C02', 1, 'F1001', 'Red Bull Racing', 4, '24:19.3', 25, 2022),
('C02', 2, 'F1002', 'Ferrari', 2, '0.549', 19, 2022),
('C02', 3, 'F1005', 'Ferrari', 3, '8.097', 15, 2022),
('C02', 4, 'F1003', 'Red Bull Racing', 1, '10.8', 12, 2022),
('C02', 5, 'F1004', 'Mercedes', 6, '32.732', 10, 2022),
('C02', 6, 'F1008', 'Alpine', 5, '56.017', 8, 2022),
('C02', 7, 'F1007', 'Mclaren', 11, '56.124', 6, 2022),
('C02', 8, 'F1014', 'AlphaTauri', 9, '62.946', 4, 2022),
('C02', 9, 'F1013', 'Haas', 10, '64.308', 2, 2022),
('C02', 10, 'F1006', 'Mercedes', 15, '73.948', 1, 2022),
('C02', 11, 'F1018', 'Alfa Romeo', 12, '82.215', 0, 2022),
('C02', 12, 'F1023', 'Aston Martin', 17, '91.742', 0, 2022),
('C02', 13, 'F1015', 'Aston Martin', 13, '+1 lap', 0, 2022),
('C02', 14, 'F1019', 'Williams', 16, 'DNF', 0, 2022),
('C02', NULL, 'F1010', 'Alfa Romeo', 8, 'DNF', 0, 2022),
('C02', NULL, 'F1009', 'Alpine', 7, 'DNF', 0, 2022),
('C02', NULL, 'F1011', 'Mclaren', 14, 'DNF', 0, 2022),
('C02', NULL, 'F1021', 'Williams', 18, 'DNF', 0, 2022),
('C02', NULL, 'F1017', 'AlphaTauri', 19, 'DNS', 0, 2022),
('C02', NULL, 'F1016', 'Haas', 20, 'DNS', 0, 2022),
('C03', 1, 'F1002', 'Ferrari', 1, '27:46.5', 26, 2022),
('C03', 2, 'F1003', 'Red Bull Racing', 3, '20.524', 18, 2022),
('C03', 3, 'F1004', 'Mercedes', 6, '25.593', 15, 2022),
('C03', 4, 'F1006', 'Mercedes', 5, '28.543', 12, 2022),
('C03', 5, 'F1007', 'Mclaren', 4, '53.303', 10, 2022),
('C03', 6, 'F1011', 'Mclaren', 7, '53.737', 8, 2022),
('C03', 7, 'F1008', 'Alpine', 8, '61.683', 6, 2022),
('C03', 8, 'F1010', 'Alfa Romeo', 12, '68.439', 4, 2022),
('C03', 9, 'F1014', 'AlphaTauri', 11, '76.221', 2, 2022),
('C03', 10, 'F1019', 'Williams', 20, '79.382', 1, 2022),
('C03', 11, 'F1018', 'Alfa Romeo', 14, '81.695', 0, 2022),
('C03', 12, 'F1015', 'Aston Martin', 19, '88.598', 0, 2022),
('C03', 13, 'F1016', 'Haas', 15, '+1 lap', 0, 2022),
('C03', 14, 'F1013', 'Haas', 16, '+1 lap', 0, 2022),
('C03', 15, 'F1017', 'AlphaTauri', 13, '+1 lap', 0, 2022),
('C03', 16, 'F1021', 'Williams', 18, '+1 lap', 0, 2022),
('C03', 17, 'F1009', 'Alpine', 10, '+1 lap', 0, 2022),
('C03', NULL, 'F1001', 'Red Bull Racing', 2, 'DNF', 0, 2022),
('C03', NULL, 'F1012', 'Aston Martin', 17, 'DNF', 0, 2022),
('C03', NULL, 'F1005', 'Ferrari', 9, 'DNF', 0, 2022),
('C07', 1, 'F1001', 'Red Bull Racing', 1, '32:08.0', 26, 2022),
('C07', 2, 'F1003', 'Red Bull Racing', 3, '16.527', 18, 2022),
('C07', 3, 'F1007', 'Mclaren', 5, '34.834', 15, 2022),
('C07', 4, 'F1004', 'Mercedes', 11, '42.506', 12, 2022),
('C07', 5, 'F1010', 'Alfa Romeo', 7, '43.181', 10, 2022),
('C07', 6, 'F1002', 'Ferrari', 2, '56.072', 8, 2022),
('C07', 7, 'F1017', 'AlphaTauri', 12, '61.11', 6, 2022),
('C07', 8, 'F1012', 'Aston Martin', 13, '70.892', 4, 2022),
('C07', 9, 'F1013', 'Haas', 8, '75.26', 2, 2022),
('C07', 10, 'F1015', 'Aston Martin', 15, '+1 lap', 1, 2022),
('C07', 11, 'F1019', 'Williams', 18, '+1 lap', 0, 2022),
('C07', 12, 'F1014', 'AlphaTauri', 17, '+1 lap', 0, 2022),
('C07', 13, 'F1006', 'Mercedes', 14, '+1 lap', 0, 2022),
('C07', 14, 'F1008', 'Alpine', 16, '+1 lap', 0, 2022),
('C07', 15, 'F1018', 'Alfa Romeo', 20, '+1 lap', 0, 2022),
('C07', 16, 'F1021', 'Williams', 19, '+1 lap', 0, 2022),
('C07', 17, 'F1016', 'Haas', 10, '+1 lap', 0, 2022),
('C07', 18, 'F1011', 'Mclaren', 6, '+1 lap', 0, 2022),
('C07', NULL, 'F1009', 'Alpine', 9, 'DNF', 0, 2022),
('C07', NULL, 'F1005', 'Ferrari', 4, 'DNF', 0, 2022),
('C06', 1, 'F1001', 'Red Bull Racing', 3, '34:24.3', 26, 2022),
('C06', 2, 'F1002', 'Ferrari', 1, '3.786', 18, 2022),
('C06', 3, 'F1005', 'Ferrari', 2, '8.229', 15, 2022),
('C06', 4, 'F1003', 'Red Bull Racing', 4, '10.638', 12, 2022),
('C06', 5, 'F1004', 'Mercedes', 12, '18.582', 10, 2022),
('C06', 6, 'F1006', 'Mercedes', 6, '21.368', 8, 2022),
('C06', 7, 'F1010', 'Alfa Romeo', 5, '25.073', 6, 2022),
('C06', 8, 'F1008', 'Alpine', 20, '28.386', 4, 2022),
('C06', 9, 'F1019', 'Williams', 18, '32.365', 2, 2022),
('C06', 10, 'F1015', 'Aston Martin', 10, '37.026', 1, 2022),
('C06', 11, 'F1009', 'Alpine', 11, '37.128', 0, 2022),
('C06', 12, 'F1017', 'AlphaTauri', 9, '40.146', 0, 2022),
('C06', 13, 'F1011', 'Mclaren', 14, '40.902', 0, 2022),
('C06', 14, 'F1021', 'Williams', 19, '49.936', 0, 2022),
('C06', 15, 'F1016', 'Haas', 15, '73.305', 0, 2022),
('C06', 16, 'F1013', 'Haas', 16, 'DNF', 0, 2022),
('C06', 17, 'F1012', 'Aston Martin', 13, 'DNF', 0, 2022),
('C06', NULL, 'F1014', 'AlphaTauri', 7, 'DNF', 0, 2022),
('C06', NULL, 'F1007', 'Mclaren', 8, 'DNF', 0, 2022),
('C06', NULL, 'F1018', 'Alfa Romeo', 17, 'DNF', 0, 2022),
('C10', 1, 'F1001', 'Red Bull Racing', 2, '37:20.5', 25, 2022),
('C10', 2, 'F1003', 'Red Bull Racing', 5, '13.072', 19, 2022),
('C10', 3, 'F1004', 'Mercedes', 4, '32.927', 15, 2022),
('C10', 4, 'F1005', 'Ferrari', 3, '45.208', 12, 2022),
('C10', 5, 'F1006', 'Mercedes', 6, '54.534', 10, 2022),
('C10', 6, 'F1010', 'Alfa Romeo', 7, '59.976', 8, 2022),
('C10', 7, 'F1008', 'Alpine', 12, '75.397', 6, 2022),
('C10', 8, 'F1007', 'Mclaren', 11, '83.235', 4, 2022),
('C10', 9, 'F1009', 'Alpine', 20, '+1 lap', 2, 2022),
('C10', 10, 'F1017', 'AlphaTauri', 13, '+1 lap', 1, 2022),
('C10', 11, 'F1012', 'Aston Martin', 16, '+1 lap', 0, 2022),
('C10', 12, 'F1011', 'Mclaren', 9, '+1 lap', 0, 2022),
('C10', 13, 'F1014', 'AlphaTauri', 14, '+1 lap', 0, 2022),
('C10', 14, 'F1016', 'Haas', 10, '+1 lap', 0, 2022),
('C10', 15, 'F1015', 'Aston Martin', 17, '+1 lap', 0, 2022),
('C10', 16, 'F1021', 'Williams', 19, '+2 laps', 0, 2022),
('C10', 17, 'F1013', 'Haas', 8, '+2 laps', 0, 2022),
('C10', 18, 'F1019', 'Williams', 18, '+2 laps', 0, 2022),
('C10', NULL, 'F1018', 'Alfa Romeo', 15, 'DNF', 0, 2022),
('C10', NULL, 'F1002', 'Ferrari', 1, 'DNF', 0, 2022),
('C08', 1, 'F1003', 'Red Bull Racing', 3, '56:30.3', 25, 2022),
('C08', 2, 'F1005', 'Ferrari', 2, '1.154', 18, 2022),
('C08', 3, 'F1001', 'Red Bull Racing', 4, '1.491', 15, 2022),
('C08', 4, 'F1002', 'Ferrari', 1, '2.922', 12, 2022),
('C08', 5, 'F1004', 'Mercedes', 6, '11.968', 10, 2022),
('C08', 6, 'F1007', 'Mclaren', 5, '12.231', 9, 2022),
('C08', 7, 'F1009', 'Alpine', 7, '46.358', 6, 2022),
('C08', 8, 'F1006', 'Mercedes', 8, '50.388', 4, 2022),
('C08', 9, 'F1010', 'Alfa Romeo', 12, '52.525', 2, 2022),
('C08', 10, 'F1012', 'Aston Martin', 9, '53.536', 1, 2022),
('C08', 11, 'F1014', 'AlphaTauri', 17, '54.289', 0, 2022),
('C08', 12, 'F1008', 'Alpine', 10, '55.644', 0, 2022),
('C08', 13, 'F1011', 'Mclaren', 14, '57.635', 0, 2022),
('C08', 14, 'F1015', 'Aston Martin', 18, '60.802', 0, 2022),
('C08', 15, 'F1021', 'Williams', 19, '+1 lap', 0, 2022),
('C08', 16, 'F1018', 'Alfa Romeo', 20, '+1 lap', 0, 2022),
('C08', 17, 'F1017', 'AlphaTauri', 11, '+1 lap', 0, 2022),
('C08', NULL, 'F1019', 'Williams', 16, 'DNF', 0, 2022),
('C08', NULL, 'F1016', 'Haas', 15, 'DNF', 0, 2022),
('C08', NULL, 'F1013', 'Haas', 13, 'DNF', 0, 2022),
('C18', 1, 'F1001', 'Red Bull Racing', 3, '34:05.9', 25, 2022),
('C18', 2, 'F1003', 'Red Bull Racing', 2, '20.823', 19, 2022),
('C18', 3, 'F1004', 'Mercedes', 5, '45.995', 15, 2022),
('C18', 4, 'F1006', 'Mercedes', 7, '71.679', 12, 2022),
('C18', 5, 'F1014', 'AlphaTauri', 6, '77.299', 10, 2022),
('C18', 6, 'F1012', 'Aston Martin', 9, '84.099', 8, 2022),
('C18', 7, 'F1009', 'Alpine', 10, '88.596', 6, 2022),
('C18', 8, 'F1011', 'Mclaren', 12, '92.207', 4, 2022),
('C18', 9, 'F1007', 'Mclaren', 11, '92.556', 2, 2022),
('C18', 10, 'F1008', 'Alpine', 13, '108.184', 1, 2022),
('C18', 11, 'F1010', 'Alfa Romeo', 15, '+1 lap', 0, 2022),
('C18', 12, 'F1019', 'Williams', 17, '+1 lap', 0, 2022),
('C18', 13, 'F1017', 'AlphaTauri', 8, '+1 lap', 0, 2022),
('C18', 14, 'F1016', 'Haas', 20, '+1 lap', 0, 2022),
('C18', 15, 'F1021', 'Williams', 18, '+1 lap', 0, 2022),
('C18', 16, 'F1015', 'Aston Martin', 19, 'DNF', 0, 2022),
('C18', NULL, 'F1013', 'Haas', 16, 'DNF', 0, 2022),
('C18', NULL, 'F1018', 'Alfa Romeo', 14, 'DNF', 0, 2022),
('C18', NULL, 'F1002', 'Ferrari', 1, 'DNF', 0, 2022),
('C18', NULL, 'F1005', 'Ferrari', 4, 'DNF', 0, 2022),
('C09', 1, 'F1001', 'Red Bull Racing', 1, '36:21.8', 25, 2022),
('C09', 2, 'F1005', 'Ferrari', 3, '0.993', 19, 2022),
('C09', 3, 'F1006', 'Mercedes', 4, '7.006', 15, 2022),
('C09', 4, 'F1004', 'Mercedes', 8, '12.313', 12, 2022),
('C09', 5, 'F1002', 'Ferrari', 19, '15.168', 10, 2022),
('C09', 6, 'F1008', 'Alpine', 7, '23.89', 8, 2022),
('C09', 7, 'F1010', 'Alfa Romeo', 11, '25.247', 6, 2022),
('C09', 8, 'F1018', 'Alfa Romeo', 10, '26.952', 4, 2022),
('C09', 9, 'F1009', 'Alpine', 2, '29.945', 2, 2022),
('C09', 10, 'F1015', 'Aston Martin', 17, '38.222', 1, 2022),
('C09', 11, 'F1011', 'Mclaren', 9, '43.047', 0, 2022),
('C09', 12, 'F1012', 'Aston Martin', 16, '44.245', 0, 2022),
('C09', 13, 'F1019', 'Williams', 12, '44.893', 0, 2022),
('C09', 14, 'F1014', 'AlphaTauri', 15, '45.183', 0, 2022),
('C09', 15, 'F1007', 'Mclaren', 14, '52.145', 0, 2022),
('C09', 16, 'F1021', 'Williams', 18, '59.978', 0, 2022),
('C09', 17, 'F1013', 'Haas', 5, '68.18', 0, 2022),
('C09', NULL, 'F1017', 'AlphaTauri', 20, 'DNF', 0, 2022),
('C09', NULL, 'F1016', 'Haas', 6, 'DNF', 0, 2022),
('C09', NULL, 'F1003', 'Red Bull Racing', 13, 'DNF', 0, 2022),
('C12', 1, 'F1005', 'Ferrari', 1, '17:50.3', 25, 2022),
('C12', 2, 'F1003', 'Red Bull Racing', 4, '3.779', 18, 2022),
('C12', 3, 'F1006', 'Mercedes', 5, '6.225', 16, 2022),
('C12', 4, 'F1002', 'Ferrari', 3, '8.546', 12, 2022),
('C12', 5, 'F1009', 'Alpine', 7, '9.571', 10, 2022),
('C12', 6, 'F1007', 'Mclaren', 6, '11.943', 8, 2022),
('C12', 7, 'F1001', 'Red Bull Racing', 2, '18.777', 6, 2022),
('C12', 8, 'F1016', 'Haas', 19, '18.995', 4, 2022),
('C12', 9, 'F1012', 'Aston Martin', 18, '22.356', 2, 2022),
('C12', 10, 'F1013', 'Haas', 17, '24.59', 1, 2022),
('C12', 11, 'F1015', 'Aston Martin', 20, '26.147', 0, 2022),
('C12', 12, 'F1021', 'Williams', 10, '32.511', 0, 2022),
('C12', 13, 'F1011', 'Mclaren', 14, '32.817', 0, 2022),
('C12', 14, 'F1017', 'AlphaTauri', 13, '40.91', 0, 2022),
('C12', NULL, 'F1008', 'Alpine', 15, 'DNF', 0, 2022),
('C12', NULL, 'F1014', 'AlphaTauri', 11, 'DNF', 0, 2022),
('C12', NULL, 'F1010', 'Alfa Romeo', 12, 'DNF', 0, 2022),
('C12', NULL, 'F1004', 'Mercedes', 8, 'DNF', 0, 2022),
('C12', NULL, 'F1018', 'Alfa Romeo', 9, 'DNF', 0, 2022),
('C12', NULL, 'F1019', 'Williams', 16, 'DNF', 0, 2022),
('C11', 1, 'F1002', 'Ferrari', 2, '24:24.3', 25, 2022),
('C11', 2, 'F1001', 'Red Bull Racing', 1, '1.532', 19, 2022),
('C11', 3, 'F1006', 'Mercedes', 8, '41.217', 15, 2022),
('C11', 4, 'F1004', 'Mercedes', 4, '58.972', 12, 2022),
('C11', 5, 'F1008', 'Alpine', 6, '68.436', 10, 2022),
('C11', 6, 'F1016', 'Haas', 9, '+1 lap', 8, 2022),
('C11', 7, 'F1007', 'Mclaren', 10, '+1 lap', 6, 2022),
('C11', 8, 'F1013', 'Haas', 7, '+1 lap', 4, 2022),
('C11', 9, 'F1011', 'Mclaren', 11, '+1 lap', 2, 2022),
('C11', 10, 'F1009', 'Alpine', 19, '+1 lap', 1, 2022),
('C11', 11, 'F1010', 'Alfa Romeo', 20, '+1 lap', 0, 2022),
('C11', 12, 'F1019', 'Williams', 15, '+1 lap', 0, 2022),
('C11', 13, 'F1015', 'Aston Martin', 12, '+1 lap', 0, 2022),
('C11', 14, 'F1018', 'Alfa Romeo', 13, '+1 lap', 0, 2022),
('C11', 15, 'F1014', 'AlphaTauri', 14, '+1 lap', 0, 2022),
('C11', 16, 'F1017', 'AlphaTauri', 16, '+1 lap', 0, 2022),
('C11', 17, 'F1012', 'Aston Martin', 18, '+1 lap', 0, 2022),
('C11', NULL, 'F1005', 'Ferrari', 3, 'DNF', 0, 2022),
('C11', NULL, 'F1021', 'Williams', 17, 'DNF', 0, 2022),
('C11', NULL, 'F1003', 'Red Bull Racing', 5, 'DNF', 0, 2022),
('C15', 1, 'F1001', 'Red Bull Racing', 2, '30:02.1', 25, 2022),
('C15', 2, 'F1006', 'Mercedes', 4, '10.587', 18, 2022),
('C15', 3, 'F1004', 'Mercedes', 6, '16.495', 15, 2022),
('C15', 4, 'F1003', 'Red Bull Racing', 3, '17.31', 12, 2022),
('C15', 5, 'F1005', 'Ferrari', 19, '28.872', 11, 2022),
('C15', 6, 'F1009', 'Alpine', 7, '42.879', 8, 2022),
('C15', 7, 'F1007', 'Mclaren', 5, '52.026', 6, 2022),
('C15', 8, 'F1008', 'Alpine', 10, '56.959', 4, 2022),
('C15', 9, 'F1011', 'Mclaren', 9, '60.372', 2, 2022),
('C15', 10, 'F1015', 'Aston Martin', 15, '62.549', 1, 2022),
('C15', 11, 'F1012', 'Aston Martin', 12, '65.448', 0, 2022),
('C15', 12, 'F1014', 'AlphaTauri', 14, '65.448', 0, 2022),
('C15', 13, 'F1019', 'Williams', 13, '68.565', 0, 2022),
('C15', 14, 'F1010', 'Alfa Romeo', 11, '76.666', 0, 2022),
('C15', 15, 'F1016', 'Haas', 17, '80.394', 0, 2022),
('C15', 16, 'F1018', 'Alfa Romeo', 16, '+6 laps', 0, 2022),
('C15', NULL, 'F1021', 'Williams', 18, 'DNF', 0, 2022),
('C15', NULL, 'F1013', 'Haas', 20, 'DNF', 0, 2022),
('C15', NULL, 'F1002', 'Ferrari', 1, 'DNF', 0, 2022),
('C15', NULL, 'F1017', 'AlphaTauri', 8, 'DNF', 0, 2022),
('C13', 1, 'F1001', 'Red Bull Racing', 10, '39:25.9', 25, 2022),
('C13', 2, 'F1006', 'Mercedes', 7, '7.834', 19, 2022),
('C13', 3, 'F1004', 'Mercedes', 1, '12.337', 15, 2022),
('C13', 4, 'F1005', 'Ferrari', 2, '14.579', 12, 2022),
('C13', 5, 'F1003', 'Red Bull Racing', 11, '15.688', 10, 2022),
('C13', 6, 'F1002', 'Ferrari', 3, '16.047', 8, 2022),
('C13', 7, 'F1007', 'Mclaren', 4, '78.3', 6, 2022),
('C13', 8, 'F1009', 'Alpine', 6, '+1 lap', 4, 2022),
('C13', 9, 'F1008', 'Alpine', 5, '+1 lap', 2, 2022),
('C13', 10, 'F1012', 'Aston Martin', 18, '+1 lap', 1, 2022),
('C13', 11, 'F1015', 'Aston Martin', 14, '+1 lap', 0, 2022),
('C13', 12, 'F1014', 'AlphaTauri', 20, '+1 lap', 0, 2022),
('C13', 13, 'F1018', 'Alfa Romeo', 12, '+1 lap', 0, 2022),
('C13', 14, 'F1016', 'Haas', 15, '+1 lap', 0, 2022),
('C13', 15, 'F1011', 'Mclaren', 9, '+1 lap', 0, 2022),
('C13', 16, 'F1013', 'Haas', 13, '+1 lap', 0, 2022),
('C13', 17, 'F1019', 'Williams', 17, '+1 lap', 0, 2022),
('C13', 18, 'F1021', 'Williams', 19, '+1 lap', 0, 2022),
('C13', 19, 'F1017', 'AlphaTauri', 16, '+2 laps', 0, 2022),
('C13', 20, 'F1010', 'Alfa Romeo', 8, 'DNF', 0, 2022),
('C14', 1, 'F1001', 'Red Bull Racing', 14, '25:52.9', 26, 2022),
('C14', 2, 'F1003', 'Red Bull Racing', 2, '17.841', 18, 2022),
('C14', 3, 'F1005', 'Ferrari', 1, '26.886', 15, 2022),
('C14', 4, 'F1004', 'Mercedes', 5, '29.14', 12, 2022),
('C14', 5, 'F1009', 'Alpine', 3, '73.256', 10, 2022),
('C14', 6, 'F1002', 'Ferrari', 15, '74.936', 8, 2022),
('C14', 7, 'F1008', 'Alpine', 16, '75.64', 6, 2022),
('C14', 8, 'F1012', 'Aston Martin', 10, '78.107', 4, 2022),
('C14', 9, 'F1014', 'AlphaTauri', 8, '92.181', 2, 2022),
('C14', 10, 'F1019', 'Williams', 6, '101.9', 1, 2022),
('C14', 11, 'F1015', 'Aston Martin', 9, '103.078', 0, 2022),
('C14', 12, 'F1007', 'Mclaren', 17, '104.739', 0, 2022),
('C14', 13, 'F1017', 'AlphaTauri', 20, '105.217', 0, 2022),
('C14', 14, 'F1018', 'Alfa Romeo', 18, '106.252', 0, 2022),
('C14', 15, 'F1011', 'Mclaren', 7, '107.163', 0, 2022),
('C14', 16, 'F1013', 'Haas', 12, '+1 lap', 0, 2022),
('C14', 17, 'F1016', 'Haas', 19, '+1 lap', 0, 2022),
('C14', 18, 'F1021', 'Williams', 11, '+1 lap', 0, 2022),
('C14', NULL, 'F1010', 'Alfa Romeo', 13, 'DNF', 0, 2022),
('C14', NULL, 'F1006', 'Mercedes', 4, 'DNF', 0, 2022),
('C16', 1, 'F1001', 'Red Bull Racing', 1, '36:42.8', 26, 2022),
('C16', 2, 'F1004', 'Mercedes', 6, '4.071', 18, 2022),
('C16', 3, 'F1002', 'Ferrari', 2, '10.929', 15, 2022),
('C16', 4, 'F1006', 'Mercedes', 4, '13.016', 12, 2022),
('C16', 5, 'F1003', 'Red Bull Racing', 5, '18.168', 10, 2022),
('C16', 6, 'F1009', 'Alpine', 13, '18.754', 8, 2022),
('C16', 7, 'F1007', 'Mclaren', 7, '19.306', 6, 2022),
('C16', 8, 'F1005', 'Ferrari', 3, '20.916', 4, 2022),
('C16', 9, 'F1008', 'Alpine', 12, '21.117', 2, 2022),
('C16', 10, 'F1015', 'Aston Martin', 10, '22.459', 1, 2022),
('C16', 11, 'F1014', 'AlphaTauri', 11, '27.009', 0, 2022),
('C16', 12, 'F1019', 'Williams', 15, '30.39', 0, 2022),
('C16', 13, 'F1016', 'Haas', 8, '32.995', 0, 2022),
('C16', 14, 'F1012', 'Aston Martin', 19, '36.007', 0, 2022),
('C16', 15, 'F1013', 'Haas', 18, '36.869', 0, 2022),
('C16', 16, 'F1018', 'Alfa Romeo', 14, '37.32', 0, 2022),
('C16', 17, 'F1011', 'Mclaren', 17, '37.764', 0, 2022),
('C16', 18, 'F1021', 'Williams', 20, '+1 lap', 0, 2022),
('C16', NULL, 'F1010', 'Alfa Romeo', 16, 'DNF', 0, 2022),
('C16', NULL, 'F1017', 'AlphaTauri', 9, 'DNF', 0, 2022),
('C17', 1, 'F1001', 'Red Bull Racing', 7, '20:27.5', 25, 2022),
('C17', 2, 'F1002', 'Ferrari', 1, '2.446', 18, 2022),
('C17', 3, 'F1004', 'Mercedes', 2, '3.405', 15, 2022),
('C17', 4, 'F1005', 'Ferrari', 18, '5.061', 12, 2022),
('C17', 5, 'F1006', 'Mercedes', 19, '5.38', 10, 2022),
('C17', 6, 'F1003', 'Red Bull Racing', 13, '6.091', 9, 2022),
('C17', 7, 'F1007', 'Mclaren', 3, '6.207', 6, 2022),
('C17', 8, 'F1014', 'AlphaTauri', 5, '6.396', 4, 2022),
('C17', 9, 'F1020', 'Williams', 8, '7.122', 2, 2022),
('C17', 10, 'F1018', 'Alfa Romeo', 9, '7.91', 1, 2022),
('C17', 11, 'F1008', 'Alpine', 14, '8.323', 0, 2022),
('C17', 12, 'F1016', 'Haas', 17, '8.549', 0, 2022),
('C17', 13, 'F1010', 'Alfa Romeo', 15, '+1 lap', 0, 2022),
('C17', 14, 'F1017', 'AlphaTauri', 20, '+1 lap', 0, 2022),
('C17', 15, 'F1021', 'Williams', 10, '+1 lap', 0, 2022),
('C17', 16, 'F1013', 'Haas', 16, '+1 lap', 0, 2022),
('C17', NULL, 'F1011', 'Mclaren', 4, 'DNF', 0, 2022),
('C17', NULL, 'F1015', 'Aston Martin', 12, 'DNF', 0, 2022),
('C17', NULL, 'F1009', 'Alpine', 6, 'DNF', 0, 2022),
('C17', NULL, 'F1012', 'Aston Martin', 11, 'DNF', 0, 2022),
('C19', 1, 'F1003', 'Red Bull Racing', 2, '02:20.2', 25, 2022),
('C19', 2, 'F1002', 'Ferrari', 1, '2.595', 18, 2022),
('C19', 3, 'F1005', 'Ferrari', 4, '10.305', 15, 2022),
('C19', 4, 'F1007', 'Mclaren', 6, '21.133', 12, 2022),
('C19', 5, 'F1011', 'Mclaren', 16, '53.282', 10, 2022),
('C19', 6, 'F1015', 'Aston Martin', 11, '56.33', 8, 2022),
('C19', 7, 'F1001', 'Red Bull Racing', 8, '58.825', 6, 2022),
('C19', 8, 'F1012', 'Aston Martin', 13, '60.032', 4, 2022),
('C19', 9, 'F1006', 'Mercedes', 3, '61.515', 2, 2022),
('C19', 10, 'F1014', 'AlphaTauri', 7, '69.576', 1, 2022),
('C19', 11, 'F1010', 'Alfa Romeo', 15, '88.844', 0, 2022),
('C19', 12, 'F1013', 'Haas', 9, '92.61', 0, 2022),
('C19', 13, 'F1016', 'Haas', 12, '+1 lap', 0, 2022),
('C19', 14, 'F1004', 'Mercedes', 20, '+2 laps', 0, 2022),
('C19', NULL, 'F1017', 'AlphaTauri', 10, 'DNF', 0, 2022),
('C19', NULL, 'F1008', 'Alpine', 17, 'DNF', 0, 2022),
('C19', NULL, 'F1019', 'Williams', 18, 'DNF', 0, 2022),
('C19', NULL, 'F1009', 'Alpine', 5, 'DNF', 0, 2022),
('C19', NULL, 'F1021', 'Williams', 19, 'DNF', 0, 2022),
('C19', NULL, 'F1018', 'Alfa Romeo', 14, 'DNF', 0, 2022),
('C04', 1, 'F1001', 'Red Bull Racing', 1, '01:44.0', 25, 2022),
('C04', 2, 'F1003', 'Red Bull Racing', 4, '27.066', 18, 2022),
('C04', 3, 'F1002', 'Ferrari', 2, '31.763', 15, 2022),
('C04', 4, 'F1008', 'Alpine', 5, '39.685', 12, 2022),
('C04', 5, 'F1006', 'Mercedes', 6, '40.326', 10, 2022),
('C04', 6, 'F1012', 'Aston Martin', 9, '46.358', 8, 2022),
('C04', 7, 'F1009', 'Alpine', 7, '46.369', 6, 2022),
('C04', 8, 'F1004', 'Mercedes', 8, '47.661', 4, 2022),
('C04', 9, 'F1021', 'Williams', 19, '70.143', 2, 2022),
('C04', 10, 'F1007', 'Mclaren', 10, '70.782', 1, 2022),
('C04', 11, 'F1011', 'Mclaren', 11, '72.877', 0, 2022),
('C04', 12, 'F1015', 'Aston Martin', 18, '73.904', 0, 2022),
('C04', 13, 'F1017', 'AlphaTauri', 13, '75.599', 0, 2022),
('C04', 14, 'F1013', 'Haas', 17, '86.016', 0, 2022),
('C04', 15, 'F1010', 'Alfa Romeo', 12, '86.496', 0, 2022),
('C04', 16, 'F1018', 'Alfa Romeo', 14, '87.043', 0, 2022),
('C04', 17, 'F1016', 'Haas', 15, '92.523', 0, 2022),
('C04', 18, 'F1014', 'AlphaTauri', 20, '108.091', 0, 2022),
('C04', NULL, 'F1005', 'Ferrari', 3, 'DNF', 0, 2022),
('C04', NULL, 'F1019', 'Williams', 16, 'DNF', 0, 2022),
('C20', 1, 'F1001', 'Red Bull Racing', 2, '42:11.7', 25, 2022),
('C20', 2, 'F1006', 'Mercedes', 3, '5.023', 18, 2022),
('C20', 3, 'F1002', 'Ferrari', 12, '7.501', 15, 2022),
('C20', 4, 'F1003', 'Red Bull Racing', 9, '8.293', 12, 2022),
('C20', 5, 'F1004', 'Mercedes', 4, '44.815', 11, 2022),
('C20', 6, 'F1007', 'Mclaren', 6, '53.785', 8, 2022),
('C20', 7, 'F1009', 'Alpine', 14, '55.078', 6, 2022),
('C20', 8, 'F1012', 'Aston Martin', 10, '65.354', 4, 2022),
('C20', 9, 'F1013', 'Haas', 13, '65.834', 2, 2022),
('C20', 10, 'F1017', 'AlphaTauri', 19, '70.919', 1, 2022),
('C20', 11, 'F1008', 'Alpine', 20, '72.875', 0, 2022),
('C20', 12, 'F1018', 'Alfa Romeo', 18, '76.164', 0, 2022),
('C20', 13, 'F1019', 'Williams', 8, '80.057', 0, 2022),
('C20', 14, 'F1014', 'AlphaTauri', 11, '81.763', 0, 2022),
('C20', 15, 'F1016', 'Haas', 16, '84.49', 0, 2022),
('C20', 16, 'F1011', 'Mclaren', 15, '90.487', 0, 2022),
('C20', 17, 'F1021', 'Williams', 17, '103.588', 0, 2022),
('C20', NULL, 'F1015', 'Aston Martin', 5, 'DNF', 0, 2022),
('C20', NULL, 'F1010', 'Alfa Romeo', 7, 'DNF', 0, 2022),
('C20', NULL, 'F1005', 'Ferrari', 1, 'DNF', 0, 2022),
('C21', 1, 'F1001', 'Red Bull Racing', 1, '38:36.7', 25, 2022),
('C21', 2, 'F1006', 'Mercedes', 3, '15.186', 18, 2022),
('C21', 3, 'F1003', 'Red Bull Racing', 4, '18.097', 15, 2022),
('C21', 4, 'F1004', 'Mercedes', 2, '49.431', 13, 2022),
('C21', 5, 'F1005', 'Ferrari', 5, '58.123', 10, 2022),
('C21', 6, 'F1002', 'Ferrari', 7, '68.774', 8, 2022),
('C21', 7, 'F1011', 'Mclaren', 11, '+1 lap', 6, 2022),
('C21', 8, 'F1008', 'Alpine', 10, '+1 lap', 4, 2022),
('C21', 9, 'F1007', 'Mclaren', 8, '+1 lap', 2, 2022),
('C21', 10, 'F1010', 'Alfa Romeo', 6, '+1 lap', 1, 2022),
('C21', 11, 'F1014', 'AlphaTauri', 14, '+1 lap', 0, 2022),
('C21', 12, 'F1019', 'Williams', 17, '+1 lap', 0, 2022),
('C21', 13, 'F1018', 'Alfa Romeo', 12, '+1 lap', 0, 2022),
('C21', 14, 'F1012', 'Aston Martin', 16, '+1 lap', 0, 2022),
('C21', 15, 'F1015', 'Aston Martin', 20, '+1 lap', 0, 2022),
('C21', 16, 'F1016', 'Haas', 15, '+1 lap', 0, 2022),
('C21', 17, 'F1013', 'Haas', 19, '+1 lap', 0, 2022),
('C21', 18, 'F1021', 'Williams', 18, '+2 laps', 0, 2022),
('C21', 19, 'F1009', 'Alpine', 9, 'DNF', 0, 2022),
('C21', NULL, 'F1017', 'AlphaTauri', 13, 'DNF', 0, 2022),
('C22', 1, 'F1004', 'Mercedes', 1, '38:34.0', 26, 2022),
('C22', 2, 'F1006', 'Mercedes', 2, '1.529', 18, 2022),
('C22', 3, 'F1005', 'Ferrari', 7, '4.051', 15, 2022),
('C22', 4, 'F1002', 'Ferrari', 5, '8.441', 12, 2022),
('C22', 5, 'F1009', 'Alpine', 17, '9.561', 10, 2022),
('C22', 6, 'F1001', 'Red Bull Racing', 3, '10.056', 8, 2022),
('C22', 7, 'F1003', 'Red Bull Racing', 4, '14.08', 6, 2022),
('C22', 8, 'F1008', 'Alpine', 16, '18.69', 4, 2022),
('C22', 9, 'F1010', 'Alfa Romeo', 14, '22.552', 2, 2022),
('C22', 10, 'F1015', 'Aston Martin', 15, '23.552', 1, 2022),
('C22', 11, 'F1012', 'Aston Martin', 9, '26.183', 0, 2022),
('C22', 12, 'F1018', 'Alfa Romeo', 13, '29.325', 0, 2022),
('C22', 13, 'F1016', 'Haas', 12, '29.899', 0, 2022),
('C22', 14, 'F1014', 'AlphaTauri', 10, '31.867', 0, 2022),
('C22', 15, 'F1019', 'Williams', 19, '36.016', 0, 2022),
('C22', 16, 'F1021', 'Williams', 18, '37.038', 0, 2022),
('C22', 17, 'F1017', 'AlphaTauri', 20, '+1 lap', 0, 2022),
('C22', NULL, 'F1007', 'Mclaren', 6, 'DNF', 0, 2022),
('C22', NULL, 'F1013', 'Haas', 8, 'DNF', 0, 2022),
('C22', NULL, 'F1011', 'Mclaren', 11, 'DNF', 0, 2022),
('C25', 1, 'F1001', 'Red Bull Racing', 1, '27:45.9', 25, 2022),
('C25', 2, 'F1002', 'Ferrari', 3, '8.771', 18, 2022),
('C25', 3, 'F1003', 'Red Bull Racing', 2, '10.093', 15, 2022),
('C25', 4, 'F1005', 'Ferrari', 4, '24.892', 12, 2022),
('C25', 5, 'F1004', 'Mercedes', 6, '35.888', 10, 2022),
('C25', 6, 'F1007', 'Mclaren', 7, '56.234', 9, 2022),
('C25', 7, 'F1008', 'Alpine', 8, '57.24', 6, 2022),
('C25', 8, 'F1015', 'Aston Martin', 14, '76.931', 4, 2022),
('C25', 9, 'F1011', 'Mclaren', 13, '83.268', 2, 2022),
('C25', 10, 'F1012', 'Aston Martin', 9, '83.898', 1, 2022),
('C25', 11, 'F1017', 'AlphaTauri', 11, '89.371', 0, 2022),
('C25', 12, 'F1018', 'Alfa Romeo', 15, '+1 lap', 0, 2022),
('C25', 13, 'F1019', 'Williams', 19, '+1 lap', 0, 2022),
('C25', 14, 'F1014', 'AlphaTauri', 17, '+1 lap', 0, 2022),
('C25', 15, 'F1010', 'Alfa Romeo', 18, '+1 lap', 0, 2022),
('C25', 16, 'F1016', 'Haas', 12, '+1 lap', 0, 2022),
('C25', 17, 'F1013', 'Haas', 16, '+1 lap', 0, 2022),
('C25', 18, 'F1006', 'Mercedes', 5, 'DNF', 0, 2022),
('C25', 19, 'F1021', 'Williams', 20, 'DNF', 0, 2022),
('C25', NULL, 'F1009', 'Alpine', 10, 'DNF', 0, 2022),
('C01', 1, 'F1001', 'Red Bull Racing', 1, '33:56.7', 25, 2023),
('C01', 2, 'F1003', 'Red Bull Racing', 2, '11.987', 18, 2023),
('C01', 3, 'F1009', 'Aston Martin', 5, '38.637', 15, 2023),
('C01', 4, 'F1005', 'Ferrari', 4, '48.052', 12, 2023),
('C01', 5, 'F1006', 'Mercedes', 7, '50.977', 10, 2023),
('C01', 6, 'F1015', 'Aston Martin', 8, '54.502', 8, 2023),
('C01', 7, 'F1004', 'Mercedes', 6, '55.873', 6, 2023),
('C01', 8, 'F1010', 'Alfa Romeo', 12, '72.647', 4, 2023),
('C01', 9, 'F1014', 'Alpine', 20, '73.753', 2, 2023),
('C01', 10, 'F1019', 'Williams', 15, '89.774', 1, 2023),
('C01', 11, 'F1017', 'AlphaTauri', 14, '90.87', 0, 2023),
('C01', 12, 'F1026', 'Williams', 16, '+1 lap', 0, 2023),
('C01', 13, 'F1013', 'Haas', 17, '+1 lap', 0, 2023),
('C01', 14, 'F1022', 'AlphaTauri', 19, '+1 lap', 0, 2023),
('C01', 15, 'F1023', 'Haas', 10, '+1 lap', 0, 2023),
('C01', 16, 'F1018', 'Alfa Romeo', 13, '+1 lap', 0, 2023),
('C01', 17, 'F1007', 'McLaren', 11, '+2 laps', 0, 2023),
('C01', NULL, 'F1008', 'Alpine', 9, 'DNF', 0, 2023),
('C01', NULL, 'F1002', 'Ferrari', 3, 'DNF', 0, 2023),
('C01', NULL, 'F1024', 'McLaren', 18, 'DNF', 0, 2023),
('C02', 1, 'F1003', 'Red Bull Racing', 1, '21:14.9', 25, 2023),
('C02', 2, 'F1001', 'Red Bull Racing', 15, '5.335', 19, 2023),
('C02', 3, 'F1009', 'Aston Martin', 2, '20.728', 15, 2023),
('C02', 4, 'F1004', 'Mercedes', 3, '25.866', 12, 2023),
('C02', 5, 'F1006', 'Mercedes', 7, '31.065', 10, 2023),
('C02', 6, 'F1005', 'Ferrari', 4, '35.876', 8, 2023),
('C02', 7, 'F1002', 'Ferrari', 12, '43.162', 6, 2023),
('C02', 8, 'F1008', 'Alpine', 6, '52.832', 4, 2023),
('C02', 9, 'F1014', 'Alpine', 9, '54.747', 2, 2023),
('C02', 10, 'F1013', 'Haas', 13, '64.826', 1, 2023),
('C02', 11, 'F1017', 'AlphaTauri', 16, '67.494', 0, 2023),
('C02', 12, 'F1023', 'Haas', 10, '70.588', 0, 2023),
('C02', 13, 'F1018', 'Alfa Romeo', 11, '76.06', 0, 2023),
('C02', 14, 'F1022', 'AlphaTauri', 18, '77.478', 0, 2023),
('C02', 15, 'F1024', 'McLaren', 8, '85.021', 0, 2023),
('C02', 16, 'F1026', 'Williams', 20, '86.293', 0, 2023),
('C02', 17, 'F1007', 'McLaren', 19, '86.445', 0, 2023),
('C02', 18, 'F1010', 'Alfa Romeo', 14, '+1 lap', 0, 2023),
('C02', NULL, 'F1019', 'Williams', 17, 'DNF', 0, 2023),
('C02', NULL, 'F1015', 'Aston Martin', 5, 'DNF', 0, 2023),
('C03', 1, 'F1001', 'Red Bull Racing', 1, '32:28.4', 25, 2023),
('C03', 2, 'F1006', 'Mercedes', 3, '0.179', 18, 2023),
('C03', 3, 'F1009', 'Aston Martin', 4, '0.769', 15, 2023),
('C03', 4, 'F1015', 'Aston Martin', 6, '3.082', 12, 2023),
('C03', 5, 'F1003', 'Red Bull Racing', 20, '3.32', 11, 2023),
('C03', 6, 'F1007', 'McLaren', 13, '3.701', 8, 2023),
('C03', 7, 'F1023', 'Haas', 10, '4.939', 6, 2023),
('C03', 8, 'F1024', 'McLaren', 16, '5.382', 4, 2023),
('C03', 9, 'F1018', 'Alfa Romeo', 17, '5.713', 2, 2023),
('C03', 10, 'F1017', 'AlphaTauri', 12, '6.052', 1, 2023),
('C03', 11, 'F1010', 'Alfa Romeo', 19, '6.513', 0, 2023),
('C03', 12, 'F1005', 'Ferrari', 5, '6.594', 0, 2023),
('C03', 13, 'F1014', 'Alpine', 9, 'DNF', 0, 2023),
('C03', 14, 'F1008', 'Alpine', 11, 'DNF', 0, 2023),
('C03', 15, 'F1022', 'AlphaTauri', 15, 'DNF', 0, 2023),
('C03', 16, 'F1026', 'Williams', 18, 'DNF', 0, 2023),
('C03', 17, 'F1013', 'Haas', 14, 'DNF', 0, 2023),
('C03', NULL, 'F1004', 'Mercedes', 2, 'DNF', 0, 2023),
('C03', NULL, 'F1019', 'Williams', 8, 'DNF', 0, 2023),
('C03', NULL, 'F1002', 'Ferrari', 7, 'DNF', 0, 2023),
('C18', 1, 'F1003', 'Red Bull Racing', 3, '32:42.4', 25, 2023),
('C18', 2, 'F1001', 'Red Bull Racing', 2, '2.137', 18, 2023),
('C18', 3, 'F1002', 'Ferrari', 1, '21.217', 15, 2023),
('C18', 4, 'F1009', 'Aston Martin', 6, '22.024', 12, 2023),
('C18', 5, 'F1005', 'Ferrari', 4, '45.491', 10, 2023),
('C18', 6, 'F1006', 'Mercedes', 5, '46.145', 8, 2023),
('C18', 7, 'F1015', 'Aston Martin', 9, '51.617', 6, 2023),
('C18', 8, 'F1004', 'Mercedes', 11, '74.24', 5, 2023),
('C18', 9, 'F1007', 'McLaren', 7, '80.376', 2, 2023),
('C18', 10, 'F1017', 'AlphaTauri', 8, '83.862', 1, 2023),
('C18', 11, 'F1024', 'McLaren', 10, '86.501', 0, 2023),
('C18', 12, 'F1019', 'Williams', 12, '88.623', 0, 2023),
('C18', 13, 'F1013', 'Haas', 16, '89.729', 0, 2023),
('C18', 14, 'F1014', 'Alpine', 17, '91.332', 0, 2023),
('C18', 15, 'F1008', 'Alpine', 19, '97.794', 0, 2023),
('C18', 16, 'F1026', 'Williams', 14, '100.943', 0, 2023),
('C18', 17, 'F1023', 'Haas', 20, '+1 lap', 0, 2023),
('C18', 18, 'F1010', 'Alfa Romeo', 13, '+1 lap', 0, 2023),
('C18', NULL, 'F1018', 'Alfa Romeo', 15, 'DNF', 0, 2023),
('C18', NULL, 'F1022', 'AlphaTauri', 18, 'DNF', 0, 2023),
('C06', 1, 'F1001', 'Red Bull Racing', 9, '27:38.2', 26, 2023),
('C06', 2, 'F1003', 'Red Bull Racing', 1, '5.384', 18, 2023),
('C06', 3, 'F1009', 'Aston Martin', 2, '26.305', 15, 2023),
('C06', 4, 'F1004', 'Mercedes', 6, '33.229', 12, 2023),
('C06', 5, 'F1005', 'Ferrari', 3, '42.511', 10, 2023),
('C06', 6, 'F1006', 'Mercedes', 13, '51.249', 8, 2023),
('C06', 7, 'F1002', 'Ferrari', 7, '52.988', 6, 2023),
('C06', 8, 'F1014', 'Alpine', 5, '55.67', 4, 2023),
('C06', 9, 'F1008', 'Alpine', 8, '58.123', 2, 2023),
('C06', 10, 'F1013', 'Haas', 4, '62.945', 1, 2023),
('C06', 11, 'F1017', 'AlphaTauri', 17, '64.309', 0, 2023),
('C06', 12, 'F1015', 'Aston Martin', 18, '64.754', 0, 2023),
('C06', 13, 'F1010', 'Alfa Romeo', 10, '71.637', 0, 2023),
('C06', 14, 'F1019', 'Williams', 11, '72.861', 0, 2023),
('C06', 15, 'F1023', 'Haas', 12, '74.95', 0, 2023),
('C06', 16, 'F1018', 'Alfa Romeo', 14, '78.44', 0, 2023),
('C06', 17, 'F1007', 'McLaren', 16, '87.717', 0, 2023),
('C06', 18, 'F1022', 'AlphaTauri', 15, '88.949', 0, 2023),
('C06', 19, 'F1024', 'McLaren', 19, '+1 lap', 0, 2023),
('C06', 20, 'F1026', 'Williams', 20, '+1 lap', 0, 2023),
('C08', 1, 'F1001', 'Red Bull Racing', 1, '48:52.0', 25, 2023),
('C08', 2, 'F1009', 'Aston Martin', 2, '27.921', 18, 2023),
('C08', 3, 'F1008', 'Alpine', 3, '36.99', 15, 2023),
('C08', 4, 'F1006', 'Mercedes', 5, '39.062', 13, 2023),
('C08', 5, 'F1004', 'Mercedes', 8, '56.284', 10, 2023),
('C08', 6, 'F1002', 'Ferrari', 6, '61.89', 8, 2023),
('C08', 7, 'F1014', 'Alpine', 7, '62.362', 6, 2023),
('C08', 8, 'F1005', 'Ferrari', 4, '63.391', 4, 2023),
('C08', 9, 'F1007', 'McLaren', 10, '+1 lap', 2, 2023),
('C08', 10, 'F1024', 'McLaren', 11, '+1 lap', 1, 2023),
('C08', 11, 'F1010', 'Alfa Romeo', 15, '+1 lap', 0, 2023),
('C08', 12, 'F1022', 'AlphaTauri', 12, '+1 lap', 0, 2023),
('C08', 13, 'F1018', 'Alfa Romeo', 19, '+1 lap', 0, 2023),
('C08', 14, 'F1019', 'Williams', 13, '+1 lap', 0, 2023),
('C08', 15, 'F1017', 'AlphaTauri', 9, '+2 laps', 0, 2023),
('C08', 16, 'F1003', 'Red Bull Racing', 20, '+2 laps', 0, 2023),
('C08', 17, 'F1023', 'Haas', 18, '+2 laps', 0, 2023),
('C08', 18, 'F1026', 'Williams', 16, '+2 laps', 0, 2023),
('C08', 19, 'F1013', 'Haas', 17, 'DNF', 0, 2023),
('C08', NULL, 'F1015', 'Aston Martin', 14, 'DNF', 0, 2023),
('C10', 1, 'F1001', 'Red Bull Racing', 1, '27:57.9', 26, 2023),
('C10', 2, 'F1006', 'Mercedes', 4, '24.09', 18, 2023),
('C10', 3, 'F1004', 'Mercedes', 12, '32.389', 15, 2023),
('C10', 4, 'F1003', 'Red Bull Racing', 11, '35.812', 12, 2023),
('C10', 5, 'F1005', 'Ferrari', 2, '45.698', 10, 2023),
('C10', 6, 'F1015', 'Aston Martin', 5, '63.32', 8, 2023),
('C10', 7, 'F1009', 'Aston Martin', 8, '64.127', 6, 2023),
('C10', 8, 'F1008', 'Alpine', 6, '69.242', 4, 2023),
('C10', 9, 'F1018', 'Alfa Romeo', 13, '71.878', 2, 2023),
('C10', 10, 'F1014', 'Alpine', 10, '73.53', 1, 2023),
('C10', 11, 'F1002', 'Ferrari', 19, '74.419', 0, 2023),
('C10', 12, 'F1017', 'AlphaTauri', 15, '75.416', 0, 2023),
('C10', 13, 'F1024', 'McLaren', 9, '+1 lap', 0, 2023),
('C10', 14, 'F1022', 'AlphaTauri', 14, '+1 lap', 0, 2023),
('C10', 15, 'F1023', 'Haas', 7, '+1 lap', 0, 2023),
('C10', 16, 'F1019', 'Williams', 18, '+1 lap', 0, 2023),
('C10', 17, 'F1007', 'McLaren', 3, '+1 lap', 0, 2023),
('C10', 18, 'F1013', 'Haas', 17, '+1 lap', 0, 2023),
('C10', 19, 'F1010', 'Alfa Romeo', 16, '+1 lap', 0, 2023),
('C10', 20, 'F1026', 'Williams', 20, '+1 lap', 0, 2023),
('C09', 1, 'F1001', 'Red Bull Racing', 1, '33:58.3', 25, 2023),
('C09', 2, 'F1009', 'Aston Martin', 2, '9.57', 18, 2023),
('C09', 3, 'F1006', 'Mercedes', 3, '14.168', 15, 2023),
('C09', 4, 'F1002', 'Ferrari', 10, '18.648', 12, 2023),
('C09', 5, 'F1005', 'Ferrari', 11, '21.54', 10, 2023),
('C09', 6, 'F1003', 'Red Bull Racing', 12, '51.028', 9, 2023),
('C09', 7, 'F1019', 'Williams', 9, '60.813', 6, 2023),
('C09', 8, 'F1008', 'Alpine', 6, '61.692', 4, 2023),
('C09', 9, 'F1015', 'Aston Martin', 16, '64.402', 2, 2023),
('C09', 10, 'F1010', 'Alfa Romeo', 14, '64.432', 1, 2023),
('C09', 11, 'F1024', 'McLaren', 8, '65.101', 0, 2023),
('C09', 12, 'F1014', 'Alpine', 15, '65.249', 0, 2023),
('C09', 13, 'F1007', 'McLaren', 7, '68.363', 0, 2023),
('C09', 14, 'F1017', 'AlphaTauri', 19, '73.423', 0, 2023),
('C09', 15, 'F1023', 'Haas', 5, '+1 lap', 0, 2023),
('C09', 16, 'F1018', 'Alfa Romeo', 20, '+1 lap', 0, 2023),
('C09', 17, 'F1013', 'Haas', 13, '+1 lap', 0, 2023),
('C09', 18, 'F1022', 'AlphaTauri', 17, '+1 lap', 0, 2023),
('C09', NULL, 'F1004', 'Mercedes', 4, 'DNF', 0, 2023),
('C09', NULL, 'F1026', 'Williams', 18, 'DNF', 0, 2023),
('C11', 1, 'F1001', 'Red Bull Racing', 1, '25:33.6', 26, 2023),
('C11', 2, 'F1002', 'Ferrari', 2, '5.155', 18, 2023),
('C11', 3, 'F1003', 'Red Bull Racing', 15, '17.188', 15, 2023),
('C11', 4, 'F1007', 'McLaren', 4, '26.327', 12, 2023),
('C11', 5, 'F1009', 'Aston Martin', 7, '30.317', 10, 2023),
('C11', 6, 'F1005', 'Ferrari', 3, '31.377', 8, 2023),
('C11', 7, 'F1004', 'Mercedes', 11, '48.403', 6, 2023),
('C11', 8, 'F1006', 'Mercedes', 5, '49.196', 4, 2023),
('C11', 9, 'F1015', 'Aston Martin', 6, '59.043', 2, 2023),
('C11', 10, 'F1014', 'Alpine', 9, '67.667', 1, 2023),
('C11', 11, 'F1019', 'Williams', 10, '79.767', 0, 2023),
('C11', 12, 'F1018', 'Alfa Romeo', 17, '+1 lap', 0, 2023),
('C11', 13, 'F1026', 'Williams', 18, '+1 lap', 0, 2023),
('C11', 14, 'F1008', 'Alpine', 12, '+1 lap', 0, 2023),
('C11', 15, 'F1010', 'Alfa Romeo', 14, '+1 lap', 0, 2023),
('C11', 16, 'F1024', 'McLaren', 13, '+1 lap', 0, 2023),
('C11', 17, 'F1022', 'AlphaTauri', 20, '+1 lap', 0, 2023),
('C11', 18, 'F1013', 'Haas', 19, '+1 lap', 0, 2023),
('C11', 19, 'F1017', 'AlphaTauri', 16, '+1 lap', 0, 2023),
('C11', NULL, 'F1023', 'Haas', 8, 'DNF', 0, 2023),
('C12', 1, 'F1001', 'Red Bull Racing', 1, '25:16.9', 26, 2023),
('C12', 2, 'F1007', 'McLaren', 2, '3.798', 18, 2023),
('C12', 3, 'F1006', 'Mercedes', 7, '6.783', 15, 2023),
('C12', 4, 'F1024', 'McLaren', 3, '7.776', 12, 2023),
('C12', 5, 'F1004', 'Mercedes', 6, '11.206', 10, 2023),
('C12', 6, 'F1003', 'Red Bull Racing', 15, '12.882', 8, 2023),
('C12', 7, 'F1009', 'Aston Martin', 9, '17.193', 6, 2023),
('C12', 8, 'F1019', 'Williams', 8, '17.878', 4, 2023),
('C12', 9, 'F1002', 'Ferrari', 4, '18.689', 2, 2023),
('C12', 10, 'F1005', 'Ferrari', 5, '19.448', 1, 2023),
('C12', 11, 'F1026', 'Williams', 14, '23.632', 0, 2023),
('C12', 12, 'F1010', 'Alfa Romeo', 20, '25.83', 0, 2023),
('C12', 13, 'F1023', 'Haas', 11, '26.663', 0, 2023),
('C12', 14, 'F1015', 'Aston Martin', 12, '27.483', 0, 2023),
('C12', 15, 'F1018', 'Alfa Romeo', 17, '29.82', 0, 2023),
('C12', 16, 'F1017', 'AlphaTauri', 16, '31.225', 0, 2023),
('C12', 17, 'F1022', 'AlphaTauri', 18, '33.128', 0, 2023),
('C12', 18, 'F1014', 'Alpine', 10, 'DNF', 0, 2023),
('C12', NULL, 'F1013', 'Haas', 19, 'DNF', 0, 2023),
('C12', NULL, 'F1008', 'Alpine', 13, 'DNF', 0, 2023),
('C13', 1, 'F1001', 'Red Bull Racing', 2, '38:08.6', 26, 2023),
('C13', 2, 'F1007', 'McLaren', 3, '33.731', 18, 2023),
('C13', 3, 'F1003', 'Red Bull Racing', 9, '37.603', 15, 2023),
('C13', 4, 'F1006', 'Mercedes', 1, '39.134', 12, 2023),
('C13', 5, 'F1024', 'McLaren', 4, '62.572', 10, 2023),
('C13', 6, 'F1004', 'Mercedes', 18, '65.825', 8, 2023),
('C13', 7, 'F1002', 'Ferrari', 6, '70.317', 6, 2023),
('C13', 8, 'F1005', 'Ferrari', 11, '71.073', 4, 2023),
('C13', 9, 'F1009', 'Aston Martin', 8, '75.709', 2, 2023),
('C13', 10, 'F1015', 'Aston Martin', 14, '+1 lap', 1, 2023),
('C13', 11, 'F1019', 'Williams', 16, '+1 lap', 0, 2023),
('C13', 12, 'F1010', 'Alfa Romeo', 7, '+1 lap', 0, 2023),
('C13', 13, 'F1011', 'AlphaTauri', 13, '+1 lap', 0, 2023),
('C13', 14, 'F1023', 'Haas', 10, '+1 lap', 0, 2023),
('C13', 15, 'F1017', 'AlphaTauri', 17, '+1 lap', 0, 2023),
('C13', 16, 'F1018', 'Alfa Romeo', 5, '+1 lap', 0, 2023),
('C13', 17, 'F1013', 'Haas', 19, '+1 lap', 0, 2023),
('C13', 18, 'F1026', 'Williams', 20, 'DNF', 0, 2023),
('C13', NULL, 'F1008', 'Alpine', 12, 'DNF', 0, 2023),
('C13', NULL, 'F1014', 'Alpine', 15, 'DNF', 0, 2023),
('C14', 1, 'F1001', 'Red Bull Racing', 6, '22:30.4', 25, 2023),
('C14', 2, 'F1003', 'Red Bull Racing', 2, '22.305', 18, 2023),
('C14', 3, 'F1002', 'Ferrari', 1, '32.259', 15, 2023),
('C14', 4, 'F1006', 'Mercedes', 3, '49.671', 13, 2023),
('C14', 5, 'F1009', 'Aston Martin', 9, '56.184', 10, 2023),
('C14', 6, 'F1004', 'Mercedes', 8, '63.101', 8, 2023),
('C14', 7, 'F1007', 'McLaren', 7, '73.719', 6, 2023),
('C14', 8, 'F1008', 'Alpine', 14, '74.719', 4, 2023),
('C14', 9, 'F1015', 'Aston Martin', 10, '79.34', 2, 2023),
('C14', 10, 'F1017', 'AlphaTauri', 11, '80.221', 1, 2023),
('C14', 11, 'F1014', 'Alpine', 12, '83.084', 0, 2023),
('C14', 12, 'F1010', 'Alfa Romeo', 13, '85.191', 0, 2023),
('C14', 13, 'F1018', 'Alfa Romeo', 17, '95.441', 0, 2023),
('C14', 14, 'F1019', 'Williams', 15, '96.184', 0, 2023),
('C14', 15, 'F1013', 'Haas', 16, '101.754', 0, 2023),
('C14', 16, 'F1011', 'AlphaTauri', 19, '103.071', 0, 2023),
('C14', 17, 'F1026', 'Williams', 18, '104.476', 0, 2023),
('C14', 18, 'F1023', 'Haas', 20, '110.45', 0, 2023),
('C14', NULL, 'F1005', 'Ferrari', 4, 'DNF', 0, 2023),
('C14', NULL, 'F1024', 'McLaren', 5, 'DNF', 0, 2023),
('C16', 1, 'F1001', 'Red Bull Racing', 1, '24:04.4', 25, 2023),
('C16', 2, 'F1009', 'Aston Martin', 5, '3.744', 19, 2023),
('C16', 3, 'F1014', 'Alpine', 12, '7.058', 15, 2023),
('C16', 4, 'F1003', 'Red Bull Racing', 7, '10.068', 12, 2023),
('C16', 5, 'F1005', 'Ferrari', 6, '12.541', 10, 2023),
('C16', 6, 'F1006', 'Mercedes', 13, '13.209', 8, 2023),
('C16', 7, 'F1007', 'McLaren', 2, '13.232', 6, 2023),
('C16', 8, 'F1019', 'Williams', 4, '15.155', 4, 2023),
('C16', 9, 'F1024', 'McLaren', 8, '16.58', 2, 2023),
('C16', 10, 'F1008', 'Alpine', 16, '18.346', 1, 2023),
('C16', 11, 'F1015', 'Aston Martin', 11, '20.087', 0, 2023),
('C16', 12, 'F1023', 'Haas', 14, '20.84', 0, 2023),
('C16', 13, 'F1025', 'AlphaTauri', 19, '26.147', 0, 2023),
('C16', 14, 'F1010', 'Alfa Romeo', 18, '27.388', 0, 2023),
('C16', 15, 'F1017', 'AlphaTauri', 17, '29.893', 0, 2023),
('C16', 16, 'F1013', 'Haas', 20, '31.41', 0, 2023),
('C16', 17, 'F1004', 'Mercedes', 3, '55.754', 0, 2023),
('C16', NULL, 'F1018', 'Alfa Romeo', 15, 'DNF', 0, 2023),
('C16', NULL, 'F1002', 'Ferrari', 9, 'DNF', 0, 2023),
('C16', NULL, 'F1026', 'Williams', 10, 'DNF', 0, 2023),
('C17', 1, 'F1001', 'Red Bull Racing', 2, '13:41.1', 25, 2023),
('C17', 2, 'F1003', 'Red Bull Racing', 5, '6.064', 18, 2023),
('C17', 3, 'F1005', 'Ferrari', 1, '11.193', 15, 2023),
('C17', 4, 'F1002', 'Ferrari', 3, '11.377', 12, 2023),
('C17', 5, 'F1004', 'Mercedes', 4, '23.028', 10, 2023),
('C17', 6, 'F1006', 'Mercedes', 8, '42.679', 8, 2023),
('C17', 7, 'F1019', 'Williams', 6, '45.106', 6, 2023),
('C17', 8, 'F1007', 'McLaren', 9, '45.449', 4, 2023),
('C17', 9, 'F1009', 'Aston Martin', 10, '46.294', 2, 2023),
('C17', 10, 'F1010', 'Alfa Romeo', 14, '64.056', 1, 2023),
('C17', 11, 'F1025', 'AlphaTauri', 12, '70.638', 0, 2023),
('C17', 12, 'F1024', 'McLaren', 7, '73.074', 0, 2023),
('C17', 13, 'F1026', 'Williams', 15, '78.557', 0, 2023),
('C17', 14, 'F1018', 'Alfa Romeo', 16, '80.164', 0, 2023),
('C17', 15, 'F1014', 'Alpine', 17, '82.51', 0, 2023),
('C17', 16, 'F1015', 'Aston Martin', 20, '87.266', 0, 2023),
('C17', 17, 'F1023', 'Haas', 13, '+1 lap', 0, 2023),
('C17', 18, 'F1013', 'Haas', 19, '+1 lap', 0, 2023),
('C17', NULL, 'F1008', 'Alpine', 18, 'DNF', 0, 2023),
('C17', NULL, 'F1017', 'AlphaTauri', 11, 'DNS', 0, 2023),
('C19', 1, 'F1005', 'Ferrari', 1, '46:37.4', 25, 2023),
('C19', 2, 'F1007', 'McLaren', 4, '0.812', 18, 2023),
('C19', 3, 'F1006', 'Mercedes', 5, '1.269', 16, 2023),
('C19', 4, 'F1002', 'Ferrari', 3, '21.177', 12, 2023),
('C19', 5, 'F1001', 'Red Bull Racing', 11, '21.441', 10, 2023),
('C19', 6, 'F1014', 'Alpine', 12, '38.441', 8, 2023),
('C19', 7, 'F1024', 'McLaren', 17, '41.479', 6, 2023),
('C19', 8, 'F1003', 'Red Bull Racing', 13, '54.534', 4, 2023),
('C19', 9, 'F1025', 'AlphaTauri', 10, '65.918', 2, 2023),
('C19', 10, 'F1013', 'Haas', 6, '72.116', 1, 2023),
('C19', 11, 'F1019', 'Williams', 14, '73.417', 0, 2023),
('C19', 12, 'F1018', 'Alfa Romeo', 19, '83.649', 0, 2023),
('C19', 13, 'F1023', 'Haas', 9, '85.201', 0, 2023),
('C19', 14, 'F1026', 'Williams', 18, '86.889', 0, 2023),
('C19', 15, 'F1009', 'Aston Martin', 7, '87.603', 0, 2023),
('C19', 16, 'F1004', 'Mercedes', 2, 'DNF', 0, 2023),
('C19', NULL, 'F1010', 'Alfa Romeo', 16, 'DNF', 0, 2023),
('C19', NULL, 'F1008', 'Alpine', 8, 'DNF', 0, 2023),
('C19', NULL, 'F1017', 'AlphaTauri', 15, 'DNF', 0, 2023),
('C19', NULL, 'F1015', 'Aston Martin', 20, 'DNS', 0, 2023),
('C04', 1, 'F1001', 'Red Bull Racing', 1, '30:58.4', 26, 2023),
('C04', 2, 'F1007', 'McLaren', 3, '19.387', 18, 2023),
('C04', 3, 'F1024', 'McLaren', 2, '36.494', 15, 2023),
('C04', 4, 'F1002', 'Ferrari', 4, '43.998', 12, 2023),
('C04', 5, 'F1006', 'Mercedes', 7, '49.376', 10, 2023),
('C04', 6, 'F1005', 'Ferrari', 6, '50.221', 8, 2023),
('C04', 7, 'F1004', 'Mercedes', 8, '57.659', 6, 2023),
('C04', 8, 'F1009', 'Aston Martin', 10, '74.725', 4, 2023),
('C04', 9, 'F1008', 'Alpine', 14, '79.678', 2, 2023),
('C04', 10, 'F1014', 'Alpine', 12, '83.155', 1, 2023),
('C04', 11, 'F1025', 'AlphaTauri', 11, '+1 lap', 0, 2023),
('C04', 12, 'F1017', 'AlphaTauri', 9, '+1 lap', 0, 2023),
('C04', 13, 'F1018', 'Alfa Romeo', 19, '+1 lap', 0, 2023),
('C04', 14, 'F1023', 'Haas', 18, '+1 lap', 0, 2023),
('C04', 15, 'F1013', 'Haas', 15, '+1 lap', 0, 2023),
('C04', NULL, 'F1019', 'Williams', 13, 'DNF', 0, 2023),
('C04', NULL, 'F1026', 'Williams', 20, 'DNF', 0, 2023),
('C04', NULL, 'F1015', 'Aston Martin', 17, 'DNF', 0, 2023),
('C04', NULL, 'F1003', 'Red Bull Racing', 5, 'DNF', 0, 2023),
('C04', NULL, 'F1010', 'Alfa Romeo', 16, 'DNF', 0, 2023),
('C24', 1, 'F1001', 'Red Bull Racing', 1, '27:39.2', 26, 2023),
('C24', 2, 'F1024', 'McLaren', 6, '4.833', 18, 2023),
('C24', 3, 'F1007', 'McLaren', 10, '5.969', 15, 2023),
('C24', 4, 'F1004', 'Mercedes', 2, '34.119', 12, 2023),
('C24', 5, 'F1002', 'Ferrari', 5, '38.976', 10, 2023),
('C24', 6, 'F1009', 'Aston Martin', 4, '49.032', 8, 2023),
('C24', 7, 'F1008', 'Alpine', 8, '62.39', 6, 2023),
('C24', 8, 'F1010', 'Alfa Romeo', 9, '66.563', 4, 2023),
('C24', 9, 'F1018', 'Alfa Romeo', 19, '76.127', 2, 2023),
('C24', 10, 'F1003', 'Red Bull Racing', 20, '80.181', 1, 2023),
('C24', 11, 'F1015', 'Aston Martin', 16, '81.652', 0, 2023),
('C24', 12, 'F1014', 'Alpine', 7, '82.3', 0, 2023),
('C24', 13, 'F1019', 'Williams', 13, '91.014', 0, 2023),
('C24', 14, 'F1013', 'Haas', 18, '+1 lap', 0, 2023),
('C24', 15, 'F1017', 'AlphaTauri', 11, '+1 lap', 0, 2023),
('C24', 16, 'F1023', 'Haas', 14, '+1 lap', 0, 2023),
('C24', 17, 'F1025', 'AlphaTauri', 17, '+1 lap', 0, 2023),
('C24', NULL, 'F1026', 'Williams', 15, 'DNF', 0, 2023),
('C24', NULL, 'F1006', 'Mercedes', 3, 'DNF', 0, 2023),
('C24', NULL, 'F1005', 'Ferrari', 12, 'DNS', 0, 2023),
('C20', 1, 'F1001', 'Red Bull Racing', 6, '35:21.4', 25, 2023),
('C20', NULL, 'F1006', 'Mercedes', 3, '2.225', 0, 2023),
('C20', 2, 'F1007', 'McLaren', 2, '10.73', 18, 2023),
('C20', 3, 'F1005', 'Ferrari', 4, '15.134', 15, 2023),
('C20', 4, 'F1003', 'Red Bull Racing', 9, '18.46', 12, 2023),
('C20', NULL, 'F1002', 'Ferrari', 1, '24.662', 0, 2023),
('C20', 5, 'F1004', 'Mercedes', 5, '24.999', 10, 2023),
('C20', 6, 'F1014', 'Alpine', 7, '47.996', 8, 2023),
('C20', 7, 'F1015', 'Aston Martin', 20, '48.696', 6, 2023),
('C20', 8, 'F1017', 'AlphaTauri', 11, '74.385', 5, 2023),
('C20', 9, 'F1019', 'Williams', 15, '86.714', 2, 2023),
('C20', 10, 'F1026', 'Williams', 16, '87.998', 1, 2023),
('C20', 11, 'F1023', 'Haas', 18, '89.904', 0, 2023),
('C20', 12, 'F1010', 'Alfa Romeo', 13, '98.601', 0, 2023),
('C20', 13, 'F1018', 'Alfa Romeo', 12, '+1 lap', 0, 2023),
('C20', 14, 'F1013', 'Haas', 17, '+1 lap', 0, 2023),
('C20', 15, 'F1011', 'AlphaTauri', 14, '+1 lap', 0, 2023),
('C20', NULL, 'F1009', 'Aston Martin', 19, 'DNF', 0, 2023),
('C20', NULL, 'F1024', 'McLaren', 10, 'DNF', 0, 2023),
('C20', NULL, 'F1008', 'Alpine', 8, 'DNF', 0, 2023),
('C21', 1, 'F1001', 'Red Bull Racing', 3, '02:30.8', 25, 2023),
('C21', 2, 'F1006', 'Mercedes', 6, '13.875', 19, 2023),
('C21', 3, 'F1002', 'Ferrari', 1, '23.124', 15, 2023),
('C21', 4, 'F1005', 'Ferrari', 2, '27.154', 12, 2023),
('C21', 5, 'F1007', 'McLaren', 17, '33.266', 10, 2023),
('C21', 6, 'F1004', 'Mercedes', 8, '41.02', 8, 2023),
('C21', 7, 'F1011', 'AlphaTauri', 4, '41.57', 6, 2023),
('C21', 8, 'F1024', 'McLaren', 7, '43.104', 4, 2023),
('C21', 9, 'F1019', 'Williams', 14, '48.573', 2, 2023),
('C21', 10, 'F1008', 'Alpine', 15, '62.879', 1, 2023),
('C21', 11, 'F1014', 'Alpine', 11, '66.208', 0, 2023),
('C21', 12, 'F1017', 'AlphaTauri', 18, '78.982', 0, 2023),
('C21', 13, 'F1023', 'Haas', 12, '80.309', 0, 2023),
('C21', 14, 'F1018', 'Alfa Romeo', 10, '81.676', 0, 2023),
('C21', 15, 'F1010', 'Alfa Romeo', 9, '85.597', 0, 2023),
('C21', 16, 'F1026', 'Williams', 19, 'DNF', 0, 2023),
('C21', 17, 'F1015', 'Aston Martin', 20, 'DNF', 0, 2023),
('C21', NULL, 'F1009', 'Aston Martin', 13, 'DNF', 0, 2023),
('C21', NULL, 'F1013', 'Haas', 16, 'DNF', 0, 2023),
('C21', NULL, 'F1003', 'Red Bull Racing', 5, 'DNF', 0, 2023),
('C22', 1, 'F1001', 'Red Bull Racing', 1, '56:48.9', 25, 2023),
('C22', 2, 'F1007', 'McLaren', 6, '8.227', 19, 2023),
('C22', 3, 'F1009', 'Aston Martin', 4, '34.155', 15, 2023),
('C22', 4, 'F1003', 'Red Bull Racing', 9, '34.208', 12, 2023),
('C22', 5, 'F1015', 'Aston Martin', 3, '40.845', 10, 2023),
('C22', 6, 'F1005', 'Ferrari', 7, '50.188', 8, 2023),
('C22', 7, 'F1014', 'Alpine', 15, '56.093', 6, 2023),
('C22', 8, 'F1006', 'Mercedes', 5, '62.859', 4, 2023),
('C22', 9, 'F1017', 'AlphaTauri', 16, '69.88', 2, 2023),
('C22', 10, 'F1008', 'Alpine', 14, '+1 lap', 1, 2023),
('C22', 11, 'F1026', 'Williams', 19, '+1 lap', 0, 2023),
('C22', 12, 'F1023', 'Haas', 11, '+1 lap', 0, 2023),
('C22', 13, 'F1011', 'AlphaTauri', 17, '+1 lap', 0, 2023),
('C22', 14, 'F1024', 'McLaren', 10, '+2 laps', 0, 2023),
('C22', NULL, 'F1004', 'Mercedes', 8, 'DNF', 0, 2023),
('C22', NULL, 'F1010', 'Alfa Romeo', 18, 'DNF', 0, 2023),
('C22', NULL, 'F1018', 'Alfa Romeo', 20, 'DNF', 0, 2023),
('C22', NULL, 'F1013', 'Haas', 12, 'DNF', 0, 2023),
('C22', NULL, 'F1019', 'Williams', 13, 'DNF', 0, 2023),
('C22', NULL, 'F1002', 'Ferrari', 2, 'DNS', 0, 2023),
('C23', 1, 'F1001', 'Red Bull Racing', 2, '29:08.3', 25, 2023),
('C23', 2, 'F1002', 'Ferrari', 1, '2.07', 18, 2023),
('C23', 3, 'F1003', 'Red Bull Racing', 11, '2.241', 15, 2023),
('C23', 4, 'F1008', 'Alpine', 16, '18.665', 12, 2023),
('C23', 5, 'F1015', 'Aston Martin', 19, '20.067', 10, 2023),
('C23', 6, 'F1005', 'Ferrari', 12, '20.834', 8, 2023),
('C23', 7, 'F1006', 'Mercedes', 10, '21.755', 6, 2023),
('C23', 8, 'F1004', 'Mercedes', 3, '23.091', 4, 2023),
('C23', 9, 'F1009', 'Aston Martin', 9, '25.964', 2, 2023),
('C23', 10, 'F1024', 'McLaren', 18, '29.496', 2, 2023),
('C23', 11, 'F1014', 'Alpine', 4, '34.27', 0, 2023),
('C23', 12, 'F1019', 'Williams', 5, '43.398', 0, 2023),
('C23', 13, 'F1013', 'Haas', 8, '44.825', 0, 2023),
('C23', 14, 'F1011', 'AlphaTauri', 14, '48.525', 0, 2023),
('C23', 15, 'F1018', 'Alfa Romeo', 17, '50.162', 0, 2023),
('C23', 16, 'F1026', 'Williams', 6, '50.882', 0, 2023),
('C23', 17, 'F1010', 'Alfa Romeo', 7, '85.35', 0, 2023),
('C23', 18, 'F1017', 'AlphaTauri', 20, 'DNF', 0, 2023),
('C23', 19, 'F1023', 'Haas', 13, 'DNF', 0, 2023),
('C23', NULL, 'F1007', 'McLaren', 15, 'DNF', 0, 2023),
('C25', 1, 'F1001', 'Red Bull Racing', 1, '27:02.6', 26, 2023),
('C25', 2, 'F1002', 'Ferrari', 2, '17.993', 18, 2023),
('C25', 3, 'F1004', 'Mercedes', 4, '20.328', 15, 2023),
('C25', 4, 'F1003', 'Red Bull Racing', 9, '21.453', 12, 2023),
('C25', 5, 'F1007', 'McLaren', 5, '24.284', 10, 2023),
('C25', 6, 'F1024', 'McLaren', 3, '31.487', 8, 2023),
('C25', 7, 'F1009', 'Aston Martin', 7, '39.512', 6, 2023),
('C25', 8, 'F1017', 'AlphaTauri', 6, '43.088', 4, 2023),
('C25', 9, 'F1006', 'Mercedes', 11, '44.424', 2, 2023),
('C25', 10, 'F1015', 'Aston Martin', 13, '55.632', 1, 2023),
('C25', 11, 'F1011', 'AlphaTauri', 15, '56.229', 0, 2023),
('C25', 12, 'F1008', 'Alpine', 12, '66.373', 0, 2023),
('C25', 13, 'F1014', 'Alpine', 10, '70.36', 0, 2023),
('C25', 14, 'F1019', 'Williams', 14, '73.184', 0, 2023),
('C25', 15, 'F1023', 'Haas', 8, '83.696', 0, 2023),
('C25', 16, 'F1026', 'Williams', 20, '87.791', 0, 2023),
('C25', 17, 'F1018', 'Alfa Romeo', 19, '89.422', 0, 2023),
('C25', 18, 'F1005', 'Ferrari', 16, 'DNF', 0, 2023),
('C25', 19, 'F1010', 'Alfa Romeo', 18, '+1 lap', 0, 2023),
('C25', 20, 'F1013', 'Haas', 17, '+1 lap', 0, 2023),
('C01', 1, 'F1001', 'Red Bull Racing', 1, '31:44.7', 26, 2024),
('C01', 2, 'F1003', 'Red Bull Racing', 5, '22.457', 18, 2024),
('C01', 3, 'F1005', 'Ferrari', 4, '25.11', 15, 2024),
('C01', 4, 'F1002', 'Ferrari', 2, '39.669', 12, 2024),
('C01', 5, 'F1004', 'Mercedes', 3, '46.788', 10, 2024),
('C01', 6, 'F1007', 'McLaren', 7, '48.458', 8, 2024),
('C01', 7, 'F1006', 'Mercedes', 9, '50.324', 6, 2024),
('C01', 8, 'F1024', 'McLaren', 8, '56.082', 4, 2024),
('C01', 9, 'F1009', 'Aston Martin', 6, '74.887', 2, 2024),
('C01', 10, 'F1015', 'Aston Martin', 12, '93.216', 1, 2024),
('C01', 11, 'F1018', 'Kick Sauber', 17, '+1 lap', 0, 2024),
('C01', 12, 'F1013', 'Haas', 15, '+1 lap', 0, 2024),
('C01', 13, 'F1011', 'RB', 14, '+1 lap', 0, 2024),
('C01', 14, 'F1017', 'RB', 11, '+1 lap', 0, 2024),
('C01', 15, 'F1019', 'Williams', 13, '+1 lap', 0, 2024),
('C01', 16, 'F1023', 'Haas', 10, '+1 lap', 0, 2024),
('C01', 17, 'F1008', 'Alpine', 19, '+1 lap', 0, 2024),
('C01', 18, 'F1014', 'Alpine', 20, '+1 lap', 0, 2024),
('C01', 19, 'F1010', 'Kick Sauber', 16, '+1 lap', 0, 2024),
('C01', 20, 'F1026', 'Williams', 18, '+2 laps', 0, 2024),
('C02', 1, 'F1001', 'Red Bull Racing', 1, '20:43.3', 25, 2024),
('C02', 2, 'F1003', 'Red Bull Racing', 3, '13.643', 18, 2024),
('C02', 3, 'F1002', 'Ferrari', 2, '18.639', 16, 2024),
('C02', 4, 'F1024', 'McLaren', 5, '32.007', 12, 2024),
('C02', 5, 'F1009', 'Aston Martin', 4, '35.759', 10, 2024),
('C02', 6, 'F1004', 'Mercedes', 7, '39.936', 8, 2024),
('C02', 7, 'F1028', 'Ferrari', 11, '42.679', 6, 2024),
('C02', 8, 'F1007', 'McLaren', 6, '45.708', 4, 2024),
('C02', 9, 'F1006', 'Mercedes', 8, '47.391', 2, 2024),
('C02', 10, 'F1023', 'Haas', 15, '76.996', 1, 2024),
('C02', 11, 'F1019', 'Williams', 12, '88.354', 0, 2024),
('C02', 12, 'F1013', 'Haas', 13, '105.737', 0, 2024),
('C02', 13, 'F1008', 'Alpine', 17, '+1 lap', 0, 2024),
('C02', 14, 'F1026', 'Williams', 19, '+1 lap', 0, 2024),
('C02', 15, 'F1017', 'RB', 9, '+1 lap', 0, 2024),
('C02', 16, 'F1011', 'RB', 14, '+1 lap', 0, 2024),
('C02', 17, 'F1010', 'Kick Sauber', 16, '+1 lap', 0, 2024),
('C02', 18, 'F1018', 'Kick Sauber', 20, '+1 lap', 0, 2024),
('C02', NULL, 'F1015', 'Aston Martin', 10, 'DNF', 0, 2024),
('C02', NULL, 'F1014', 'Alpine', 18, 'DNF', 0, 2024),
('C03', 1, 'F1005', 'Ferrari', 2, '20:26.8', 25, 2024),
('C03', 2, 'F1002', 'Ferrari', 4, '2.366', 19, 2024),
('C03', 3, 'F1007', 'McLaren', 3, '5.904', 15, 2024),
('C03', 4, 'F1024', 'McLaren', 5, '35.77', 12, 2024),
('C03', 5, 'F1003', 'Red Bull Racing', 6, '56.309', 10, 2024),
('C03', 6, 'F1015', 'Aston Martin', 9, '93.222', 8, 2024),
('C03', 7, 'F1017', 'RB', 8, '95.601', 6, 2024),
('C03', 8, 'F1009', 'Aston Martin', 10, '100.992', 4, 2024),
('C03', 9, 'F1023', 'Haas', 16, '104.553', 2, 2024),
('C03', 10, 'F1013', 'Haas', 14, '+1 lap', 1, 2024),
('C03', 11, 'F1019', 'Williams', 12, '+1 lap', 0, 2024),
('C03', 12, 'F1011', 'RB', 18, '+1 lap', 0, 2024),
('C03', 13, 'F1014', 'Alpine', 17, '+1 lap', 0, 2024),
('C03', 14, 'F1010', 'Kick Sauber', 13, '+1 lap', 0, 2024),
('C03', 15, 'F1018', 'Kick Sauber', 19, '+1 lap', 0, 2024),
('C03', 16, 'F1008', 'Alpine', 15, '+1 lap', 0, 2024),
('C03', 17, 'F1004', 'Mercedes', 7, 'DNF', 0, 2024),
('C03', NULL, 'F1006', 'Mercedes', 11, 'DNF', 0, 2024),
('C03', NULL, 'F1001', 'Red Bull Racing', 1, 'DNF', 0, 2024),
('C04', 1, 'F1001', 'Red Bull Racing', 1, '54:23.6', 26, 2024),
('C04', 2, 'F1003', 'Red Bull Racing', 2, '12.535', 18, 2024),
('C04', 3, 'F1005', 'Ferrari', 4, '20.866', 15, 2024),
('C04', 4, 'F1002', 'Ferrari', 8, '26.522', 12, 2024),
('C04', 5, 'F1007', 'McLaren', 3, '29.7', 10, 2024),
('C04', 6, 'F1009', 'Aston Martin', 5, '44.272', 8, 2024),
('C04', 7, 'F1004', 'Mercedes', 9, '45.951', 6, 2024),
('C04', 8, 'F1024', 'McLaren', 6, '47.525', 4, 2024),
('C04', 9, 'F1006', 'Mercedes', 7, '48.626', 2, 2024),
('C04', 10, 'F1017', 'RB', 10, '+1 lap', 1, 2024),
('C04', 11, 'F1023', 'Haas', 12, '+1 lap', 0, 2024),
('C04', 12, 'F1015', 'Aston Martin', 16, '+1 lap', 0, 2024),
('C04', 13, 'F1013', 'Haas', 18, '+1 lap', 0, 2024),
('C04', 14, 'F1010', 'Kick Sauber', 13, '+1 lap', 0, 2024),
('C04', 15, 'F1008', 'Alpine', 15, '+1 lap', 0, 2024),
('C04', 16, 'F1014', 'Alpine', 17, '+1 lap', 0, 2024),
('C04', 17, 'F1026', 'Williams', 19, '+1 lap', 0, 2024),
('C04', NULL, 'F1018', 'Kick Sauber', 20, 'DNF', 0, 2024),
('C04', NULL, 'F1011', 'RB', 11, 'DNF', 0, 2024),
('C04', NULL, 'F1019', 'Williams', 14, 'DNF', 0, 2024),
('C05', 1, 'F1001', 'Red Bull Racing', 1, '40:52.6', 25, 2024),
('C05', 2, 'F1007', 'McLaren', 4, '13.773', 18, 2024),
('C05', 3, 'F1003', 'Red Bull Racing', 2, '19.16', 15, 2024),
('C05', 4, 'F1002', 'Ferrari', 6, '23.623', 12, 2024),
('C05', 5, 'F1005', 'Ferrari', 7, '33.983', 10, 2024),
('C05', 6, 'F1004', 'Mercedes', 8, '38.724', 8, 2024),
('C05', 7, 'F1009', 'Aston Martin', 3, '43.414', 7, 2024),
('C05', 8, 'F1024', 'McLaren', 5, '56.198', 4, 2024),
('C05', 9, 'F1006', 'Mercedes', 18, '57.986', 2, 2024),
('C05', 10, 'F1023', 'Haas', 9, '60.476', 1, 2024),
('C05', 11, 'F1008', 'Alpine', 13, '62.812', 0, 2024),
('C05', 12, 'F1019', 'Williams', 14, '65.506', 0, 2024),
('C05', 13, 'F1014', 'Alpine', 15, '69.223', 0, 2024),
('C05', 14, 'F1018', 'Kick Sauber', 16, '71.689', 0, 2024),
('C05', 15, 'F1015', 'Aston Martin', 11, '82.786', 0, 2024),
('C05', 16, 'F1013', 'Haas', 17, '87.533', 0, 2024),
('C05', 17, 'F1026', 'Williams', 20, '95.11', 0, 2024),
('C05', NULL, 'F1011', 'RB', 12, 'DNF', 0, 2024),
('C05', NULL, 'F1017', 'RB', 19, 'DNF', 0, 2024),
('C05', NULL, 'F1010', 'Kick Sauber', 10, 'DNF', 0, 2024),
('C06', 1, 'F1007', 'McLaren', 5, '30:49.9', 25, 2024),
('C06', 2, 'F1001', 'Red Bull Racing', 1, '7.612', 18, 2024),
('C06', 3, 'F1002', 'Ferrari', 2, '9.92', 15, 2024),
('C06', 4, 'F1003', 'Red Bull Racing', 4, '14.65', 12, 2024),
('C06', 5, 'F1005', 'Ferrari', 3, '16.407', 10, 2024),
('C06', 6, 'F1006', 'Mercedes', 8, '16.585', 8, 2024),
('C06', 7, 'F1017', 'RB', 10, '26.185', 6, 2024),
('C06', 8, 'F1004', 'Mercedes', 7, '34.789', 4, 2024),
('C06', 9, 'F1009', 'Aston Martin', 15, '37.107', 2, 2024),
('C06', 10, 'F1008', 'Alpine', 13, '39.746', 1, 2024),
('C06', 11, 'F1023', 'Haas', 9, '40.789', 0, 2024),
('C06', 12, 'F1014', 'Alpine', 12, '44.958', 0, 2024),
('C06', 13, 'F1024', 'McLaren', 6, '49.756', 0, 2024),
('C06', 14, 'F1018', 'Kick Sauber', 19, '49.979', 0, 2024),
('C06', 15, 'F1011', 'RB', 20, '50.956', 0, 2024),
('C06', 16, 'F1010', 'Kick Sauber', 16, '52.356', 0, 2024),
('C06', 17, 'F1015', 'Aston Martin', 11, '55.173', 0, 2024),
('C06', 18, 'F1019', 'Williams', 14, '76.091', 0, 2024),
('C06', 19, 'F1013', 'Haas', 18, '84.683', 0, 2024),
('C06', NULL, 'F1026', 'Williams', 17, 'DNF', 0, 2024),
('C07', 1, 'F1001', 'Red Bull Racing', 1, '25:25.3', 25, 2024),
('C07', 2, 'F1007', 'McLaren', 2, '0.725', 18, 2024),
('C07', 3, 'F1002', 'Ferrari', 3, '7.916', 15, 2024),
('C07', 4, 'F1024', 'McLaren', 5, '14.132', 12, 2024),
('C07', 5, 'F1005', 'Ferrari', 4, '22.325', 10, 2024),
('C07', 6, 'F1006', 'Mercedes', 8, '35.104', 8, 2024),
('C07', 7, 'F1004', 'Mercedes', 6, '47.154', 7, 2024),
('C07', 8, 'F1003', 'Red Bull Racing', 11, '54.776', 4, 2024),
('C07', 9, 'F1015', 'Aston Martin', 13, '79.556', 2, 2024),
('C07', 10, 'F1017', 'RB', 7, '+1 lap', 1, 2024),
('C07', 11, 'F1023', 'Haas', 10, '+1 lap', 0, 2024),
('C07', 12, 'F1013', 'Haas', 18, '+1 lap', 0, 2024),
('C07', 13, 'F1011', 'RB', 9, '+1 lap', 0, 2024),
('C07', 14, 'F1008', 'Alpine', 12, '+1 lap', 0, 2024),
('C07', 15, 'F1018', 'Kick Sauber', 17, '+1 lap', 0, 2024),
('C07', 16, 'F1014', 'Alpine', 15, '+1 lap', 0, 2024),
('C07', 17, 'F1026', 'Williams', 19, '+1 lap', 0, 2024),
('C07', 18, 'F1010', 'Kick Sauber', 16, '+1 lap', 0, 2024),
('C07', 19, 'F1009', 'Aston Martin', 20, '+1 lap', 0, 2024),
('C07', NULL, 'F1019', 'Williams', 14, 'DNF', 0, 2024),
('C08', 1, 'F1002', 'Ferrari', 1, '23:15.6', 25, 2024),
('C08', 2, 'F1024', 'McLaren', 2, '7.152', 18, 2024),
('C08', 3, 'F1005', 'Ferrari', 3, '7.585', 15, 2024),
('C08', 4, 'F1007', 'McLaren', 4, '8.65', 12, 2024),
('C08', 5, 'F1004', 'Mercedes', 5, '13.309', 10, 2024),
('C08', 6, 'F1001', 'Red Bull Racing', 6, '13.853', 8, 2024),
('C08', 7, 'F1006', 'Mercedes', 7, '14.908', 7, 2024),
('C08', 8, 'F1017', 'RB', 8, '+1 lap', 4, 2024),
('C08', 9, 'F1019', 'Williams', 9, '+1 lap', 2, 2024),
('C08', 10, 'F1014', 'Alpine', 10, '+1 lap', 1, 2024),
('C08', 11, 'F1009', 'Aston Martin', 14, '+2 laps', 0, 2024),
('C08', 12, 'F1011', 'RB', 12, '+2 laps', 0, 2024),
('C08', 13, 'F1010', 'Kick Sauber', 17, '+2 laps', 0, 2024),
('C08', 14, 'F1015', 'Aston Martin', 13, '+2 laps', 0, 2024),
('C08', 15, 'F1026', 'Williams', 15, '+2 laps', 0, 2024),
('C08', 16, 'F1018', 'Kick Sauber', 18, '+2 laps', 0, 2024),
('C08', NULL, 'F1008', 'Alpine', 11, 'DNF', 0, 2024),
('C08', NULL, 'F1003', 'Red Bull Racing', 16, 'DNF', 0, 2024),
('C08', NULL, 'F1023', 'Haas', 19, 'DNF', 0, 2024),
('C08', NULL, 'F1013', 'Haas', 20, 'DNF', 0, 2024),
('C09', 1, 'F1001', 'Red Bull Racing', 2, '45:47.9', 25, 2024),
('C09', 2, 'F1007', 'McLaren', 3, '3.879', 18, 2024),
('C09', 3, 'F1004', 'Mercedes', 1, '4.317', 15, 2024),
('C09', 4, 'F1006', 'Mercedes', 7, '4.915', 13, 2024),
('C09', 5, 'F1024', 'McLaren', 4, '10.199', 10, 2024),
('C09', 6, 'F1009', 'Aston Martin', 6, '17.51', 8, 2024),
('C09', 7, 'F1015', 'Aston Martin', 9, '23.625', 6, 2024),
('C09', 8, 'F1011', 'RB', 5, '28.672', 4, 2024),
('C09', 9, 'F1014', 'Alpine', 15, '30.021', 2, 2024),
('C09', 10, 'F1008', 'Alpine', 18, '30.313', 1, 2024),
('C09', 11, 'F1023', 'Haas', 17, '30.824', 0, 2024),
('C09', 12, 'F1013', 'Haas', 14, '31.253', 0, 2024),
('C09', 13, 'F1010', 'Kick Sauber', 19, '40.487', 0, 2024),
('C09', 14, 'F1017', 'RB', 8, '52.694', 0, 2024),
('C09', 15, 'F1018', 'Kick Sauber', 20, '+1 lap', 0, 2024),
('C09', NULL, 'F1005', 'Ferrari', 12, 'DNF', 0, 2024),
('C09', NULL, 'F1019', 'Williams', 10, 'DNF', 0, 2024),
('C09', NULL, 'F1003', 'Red Bull Racing', 16, 'DNF', 0, 2024),
('C09', NULL, 'F1002', 'Ferrari', 11, 'DNF', 0, 2024),
('C09', NULL, 'F1026', 'Williams', 13, 'DNF', 0, 2024),
('C10', 1, 'F1001', 'Red Bull Racing', 2, '28:20.2', 25, 2024),
('C10', 2, 'F1007', 'McLaren', 1, '2.219', 19, 2024),
('C10', 3, 'F1006', 'Mercedes', 3, '17.79', 15, 2024),
('C10', 4, 'F1004', 'Mercedes', 4, '22.32', 12, 2024),
('C10', 5, 'F1002', 'Ferrari', 5, '22.709', 10, 2024),
('C10', 6, 'F1005', 'Ferrari', 6, '31.028', 8, 2024),
('C10', 7, 'F1024', 'McLaren', 9, '33.76', 6, 2024),
('C10', 8, 'F1003', 'Red Bull Racing', 11, '59.524', 4, 2024),
('C10', 9, 'F1014', 'Alpine', 7, '62.025', 2, 2024),
('C10', 10, 'F1008', 'Alpine', 8, '71.889', 1, 2024),
('C10', 11, 'F1023', 'Haas', 13, '79.215', 0, 2024),
('C10', 12, 'F1009', 'Aston Martin', 10, '+1 lap', 0, 2024),
('C10', 13, 'F1018', 'Kick Sauber', 15, '+1 lap', 0, 2024),
('C10', 14, 'F1015', 'Aston Martin', 14, '+1 lap', 0, 2024),
('C10', 15, 'F1011', 'RB', 18, '+1 lap', 0, 2024),
('C10', 16, 'F1010', 'Kick Sauber', 12, '+1 lap', 0, 2024),
('C10', 17, 'F1013', 'Haas', 16, '+1 lap', 0, 2024),
('C10', 18, 'F1019', 'Williams', 20, '+1 lap', 0, 2024),
('C10', 19, 'F1017', 'RB', 17, '+1 lap', 0, 2024),
('C10', 20, 'F1026', 'Williams', 19, '+2 laps', 0, 2024),
('C11', 1, 'F1004', 'Mercedes', 3, '24:22.8', 25, 2024),
('C11', 2, 'F1024', 'McLaren', 7, '1.906', 18, 2024),
('C11', 3, 'F1005', 'Ferrari', 4, '4.533', 15, 2024),
('C11', 4, 'F1006', 'Mercedes', 5, '23.142', 12, 2024),
('C11', 5, 'F1001', 'Red Bull Racing', 1, '37.253', 10, 2024),
('C11', 6, 'F1023', 'Haas', 9, '54.088', 8, 2024),
('C11', 7, 'F1003', 'Red Bull Racing', 8, '54.672', 6, 2024),
('C11', 8, 'F1013', 'Haas', 12, '60.355', 4, 2024),
('C11', 9, 'F1011', 'RB', 11, '61.169', 2, 2024),
('C11', 10, 'F1014', 'Alpine', 13, '61.766', 1, 2024),
('C11', 11, 'F1002', 'Ferrari', 6, '67.056', 0, 2024),
('C11', 12, 'F1008', 'Alpine', 10, '68.325', 0, 2024),
('C11', 13, 'F1015', 'Aston Martin', 17, '+1 lap', 0, 2024),
('C11', 14, 'F1017', 'RB', 14, '+1 lap', 0, 2024),
('C11', 15, 'F1019', 'Williams', 16, '+1 lap', 0, 2024),
('C11', 16, 'F1010', 'Kick Sauber', 18, '+1 lap', 0, 2024),
('C11', 17, 'F1018', 'Kick Sauber', 20, '+1 lap', 0, 2024),
('C11', 18, 'F1009', 'Aston Martin', 15, '+1 lap', 0, 2024),
('C11', 19, 'F1026', 'Williams', 19, '+2 laps', 0, 2024),
('C11', 20, 'F1007', 'McLaren', 2, '+7 laps', 0, 2024),
('C12', 1, 'F1006', 'Mercedes', 2, '22:27.1', 25, 2024),
('C12', 2, 'F1001', 'Red Bull Racing', 4, '1.465', 18, 2024),
('C12', 3, 'F1007', 'McLaren', 3, '7.547', 15, 2024),
('C12', 4, 'F1024', 'McLaren', 5, '12.429', 12, 2024),
('C12', 5, 'F1005', 'Ferrari', 7, '47.318', 11, 2024),
('C12', 6, 'F1023', 'Haas', 6, '55.722', 8, 2024),
('C12', 7, 'F1015', 'Aston Martin', 8, '56.569', 6, 2024),
('C12', 8, 'F1009', 'Aston Martin', 10, '63.577', 4, 2024),
('C12', 9, 'F1019', 'Williams', 9, '68.387', 2, 2024),
('C12', 10, 'F1017', 'RB', 13, '79.303', 1, 2024),
('C12', 11, 'F1026', 'Williams', 12, '88.96', 0, 2024),
('C12', 12, 'F1013', 'Haas', 17, '90.153', 0, 2024),
('C12', 13, 'F1011', 'RB', 15, '+1 lap', 0, 2024),
('C12', 14, 'F1002', 'Ferrari', 11, '+1 lap', 0, 2024),
('C12', 15, 'F1010', 'Kick Sauber', 16, '+1 lap', 0, 2024),
('C12', 16, 'F1008', 'Alpine', 18, '+2 laps', 0, 2024),
('C12', 17, 'F1003', 'Red Bull Racing', 20, '+2 laps', 0, 2024),
('C12', 18, 'F1018', 'Kick Sauber', 14, '+2 laps', 0, 2024),
('C12', NULL, 'F1004', 'Mercedes', 1, 'DNF', 0, 2024),
('C12', NULL, 'F1014', 'Alpine', 19, 'DNS', 0, 2024),
('C13', 1, 'F1024', 'McLaren', 2, '38:02.0', 25, 2024),
('C13', 2, 'F1007', 'McLaren', 1, '2.141', 18, 2024),
('C13', 3, 'F1006', 'Mercedes', 5, '14.88', 15, 2024),
('C13', 4, 'F1002', 'Ferrari', 6, '19.686', 12, 2024),
('C13', 5, 'F1001', 'Red Bull Racing', 3, '21.349', 10, 2024),
('C13', 6, 'F1005', 'Ferrari', 4, '23.073', 8, 2024),
('C13', 7, 'F1003', 'Red Bull Racing', 16, '39.792', 6, 2024),
('C13', 8, 'F1004', 'Mercedes', 17, '42.368', 5, 2024),
('C13', 9, 'F1017', 'RB', 10, '77.259', 2, 2024),
('C13', 10, 'F1015', 'Aston Martin', 8, '77.976', 1, 2024),
('C13', 11, 'F1009', 'Aston Martin', 7, '82.46', 0, 2024),
('C13', 12, 'F1011', 'RB', 9, '+1 lap', 0, 2024),
('C13', 13, 'F1023', 'Haas', 11, '+1 lap', 0, 2024),
('C13', 14, 'F1019', 'Williams', 13, '+1 lap', 0, 2024),
('C13', 15, 'F1013', 'Haas', 15, '+1 lap', 0, 2024),
('C13', 16, 'F1010', 'Kick Sauber', 12, '+1 lap', 0, 2024),
('C13', 17, 'F1026', 'Williams', 14, '+1 lap', 0, 2024),
('C13', 18, 'F1008', 'Alpine', 19, '+1 lap', 0, 2024),
('C13', 19, 'F1018', 'Kick Sauber', 18, '+1 lap', 0, 2024),
('C13', NULL, 'F1014', 'Alpine', 20, 'DNF', 0, 2024),
('C14', NULL, 'F1004', 'Mercedes', 6, '19:57.0', 0, 2024),
('C14', 1, 'F1006', 'Mercedes', 3, '0.526', 25, 2024),
('C14', 2, 'F1024', 'McLaren', 5, '1.173', 18, 2024),
('C14', 3, 'F1002', 'Ferrari', 1, '8.549', 15, 2024),
('C14', 4, 'F1001', 'Red Bull Racing', 11, '9.226', 12, 2024),
('C14', 5, 'F1007', 'McLaren', 4, '9.85', 10, 2024),
('C14', 6, 'F1005', 'Ferrari', 7, '19.795', 8, 2024),
('C14', 7, 'F1003', 'Red Bull Racing', 2, '3.195', 7, 2024),
('C14', 8, 'F1009', 'Aston Martin', 8, '49.963', 4, 2024),
('C14', 9, 'F1008', 'Alpine', 9, '52.552', 2, 2024),
('C14', 10, 'F1011', 'RB', 13, '54.926', 1, 2024),
('C14', 11, 'F1015', 'Aston Martin', 15, '63.011', 0, 2024),
('C14', 12, 'F1019', 'Williams', 10, '63.651', 0, 2024),
('C14', 13, 'F1014', 'Alpine', 12, '64.365', 0, 2024),
('C14', 14, 'F1013', 'Haas', 17, '66.631', 0, 2024),
('C14', 15, 'F1010', 'Kick Sauber', 14, '70.638', 0, 2024),
('C14', 16, 'F1017', 'RB', 20, '76.737', 0, 2024),
('C14', 17, 'F1026', 'Williams', 18, '86.057', 0, 2024),
('C14', 18, 'F1023', 'Haas', 16, '88.833', 0, 2024),
('C14', NULL, 'F1018', 'Kick Sauber', 19, 'DNF', 0, 2024),
('C16', 1, 'F1007', 'McLaren', 1, '30:45.5', 26, 2024),
('C16', 2, 'F1001', 'Red Bull Racing', 2, '22.896', 18, 2024),
('C16', 3, 'F1002', 'Ferrari', 6, '25.439', 15, 2024),
('C16', 4, 'F1024', 'McLaren', 3, '27.337', 12, 2024),
('C16', 5, 'F1005', 'Ferrari', 10, '32.137', 10, 2024),
('C16', 6, 'F1003', 'Red Bull Racing', 5, '39.542', 8, 2024),
('C16', 7, 'F1004', 'Mercedes', 4, '44.617', 6, 2024),
('C16', 8, 'F1006', 'Mercedes', 14, '49.599', 4, 2024),
('C16', 9, 'F1014', 'Alpine', 9, '+1 lap', 2, 2024),
('C16', 10, 'F1009', 'Aston Martin', 7, '+1 lap', 1, 2024),
('C16', 11, 'F1023', 'Haas', 12, '+1 lap', 0, 2024),
('C16', 12, 'F1011', 'RB', 13, '+1 lap', 0, 2024),
('C16', 13, 'F1015', 'Aston Martin', 8, '+1 lap', 0, 2024),
('C16', 14, 'F1019', 'Williams', 19, '+1 lap', 0, 2024),
('C16', 15, 'F1008', 'Alpine', 15, '+1 lap', 0, 2024),
('C16', 16, 'F1026', 'Williams', 18, '+1 lap', 0, 2024),
('C16', 17, 'F1017', 'RB', 11, '+1 lap', 0, 2024),
('C16', 18, 'F1013', 'Haas', 20, '+1 lap', 0, 2024),
('C16', 19, 'F1010', 'Kick Sauber', 16, '+2 laps', 0, 2024),
('C16', 20, 'F1018', 'Kick Sauber', 17, '+2 laps', 0, 2024),
('C17', 1, 'F1002', 'Ferrari', 4, '14:40.7', 25, 2024),
('C17', 2, 'F1024', 'McLaren', 2, '2.664', 18, 2024),
('C17', 3, 'F1007', 'McLaren', 1, '6.153', 16, 2024),
('C17', 4, 'F1005', 'Ferrari', 5, '15.621', 12, 2024),
('C17', 5, 'F1006', 'Mercedes', 6, '22.82', 10, 2024),
('C17', 6, 'F1001', 'Red Bull Racing', 7, '37.932', 8, 2024),
('C17', 7, 'F1004', 'Mercedes', 3, '39.715', 6, 2024),
('C17', 8, 'F1003', 'Red Bull Racing', 8, '54.148', 4, 2024),
('C17', 9, 'F1019', 'Williams', 9, '67.456', 2, 2024),
('C17', 10, 'F1013', 'Haas', 13, '68.302', 1, 2024),
('C17', 11, 'F1009', 'Aston Martin', 11, '68.495', 0, 2024),
('C17', 12, 'F1029', 'Williams', 18, '81.308', 0, 2024),
('C17', 13, 'F1011', 'RB', 12, '93.452', 0, 2024),
('C17', 14, 'F1008', 'Alpine', 15, '+1 lap', 0, 2024),
('C17', 15, 'F1014', 'Alpine', 14, '+1 lap', 0, 2024),
('C17', 16, 'F1010', 'Kick Sauber', 19, '+1 lap', 0, 2024),
('C17', 17, 'F1023', 'Haas', 10, '+1 lap', 0, 2024),
('C17', 18, 'F1018', 'Kick Sauber', 20, '+1 lap', 0, 2024),
('C17', 19, 'F1015', 'Aston Martin', 17, '+1 lap', 0, 2024),
('C17', NULL, 'F1017', 'RB', 16, 'DNF', 0, 2024),
('C18', 1, 'F1024', 'McLaren', 2, '32:58.0', 25, 2024),
('C18', 2, 'F1002', 'Ferrari', 1, '10.91', 18, 2024),
('C18', 3, 'F1004', 'Mercedes', 5, '31.328', 15, 2024),
('C18', 4, 'F1007', 'McLaren', 15, '36.142', 13, 2024),
('C18', 5, 'F1001', 'Red Bull Racing', 6, '77.098', 10, 2024),
('C18', 6, 'F1009', 'Aston Martin', 7, '85.468', 8, 2024),
('C18', 7, 'F1019', 'Williams', 9, '87.396', 6, 2024),
('C18', 8, 'F1029', 'Williams', 8, '89.541', 4, 2024),
('C18', 9, 'F1006', 'Mercedes', 19, '92.401', 2, 2024),
('C18', 10, 'F1027', 'Haas', 10, '93.127', 1, 2024),
('C18', 11, 'F1023', 'Haas', 12, '93.465', 0, 2024),
('C18', 12, 'F1014', 'Alpine', 18, '117.189', 0, 2024),
('C18', 13, 'F1011', 'RB', 14, '146.907', 0, 2024),
('C18', 14, 'F1018', 'Kick Sauber', 17, '148.841', 0, 2024),
('C18', 15, 'F1008', 'Alpine', 20, '+1 lap', 0, 2024),
('C18', 16, 'F1010', 'Kick Sauber', 16, '+1 lap', 0, 2024),
('C18', 17, 'F1003', 'Red Bull Racing', 4, 'DNF', 0, 2024),
('C18', 18, 'F1005', 'Ferrari', 3, 'DNF', 0, 2024),
('C18', 19, 'F1015', 'Aston Martin', 13, 'DNF', 0, 2024),
('C18', NULL, 'F1017', 'RB', 11, 'DNF', 0, 2024),
('C19', 1, 'F1007', 'McLaren', 1, '40:52.6', 25, 2024),
('C19', 2, 'F1001', 'Red Bull Racing', 2, '20.945', 18, 2024),
('C19', 3, 'F1024', 'McLaren', 5, '41.823', 15, 2024),
('C19', 4, 'F1004', 'Mercedes', 4, '61.04', 12, 2024),
('C19', 5, 'F1002', 'Ferrari', 9, '62.43', 10, 2024),
('C19', 6, 'F1006', 'Mercedes', 3, '85.248', 8, 2024),
('C19', 7, 'F1005', 'Ferrari', 10, '96.039', 6, 2024),
('C19', 8, 'F1009', 'Aston Martin', 7, '+1 lap', 4, 2024),
('C19', 9, 'F1023', 'Haas', 6, '+1 lap', 2, 2024),
('C19', 10, 'F1003', 'Red Bull Racing', 13, '+1 lap', 1, 2024),
('C19', 11, 'F1029', 'Williams', 12, '+1 lap', 0, 2024),
('C19', 12, 'F1017', 'RB', 8, '+1 lap', 0, 2024),
('C19', 13, 'F1008', 'Alpine', 15, '+1 lap', 0, 2024),
('C19', 14, 'F1015', 'Aston Martin', 17, '+1 lap', 0, 2024),
('C19', 15, 'F1018', 'Kick Sauber', 20, '+1 lap', 0, 2024),
('C19', 16, 'F1010', 'Kick Sauber', 19, '+1 lap', 0, 2024),
('C19', 17, 'F1014', 'Alpine', 18, '+1 lap', 0, 2024),
('C19', 18, 'F1011', 'RB', 16, '+1 lap', 0, 2024),
('C19', 19, 'F1013', 'Haas', 14, 'DNF', 0, 2024),
('C19', NULL, 'F1019', 'Williams', 11, 'DNF', 0, 2024),
('C20', 1, 'F1002', 'Ferrari', 4, '35:09.6', 25, 2024),
('C20', 2, 'F1005', 'Ferrari', 3, '8.562', 18, 2024),
('C20', 3, 'F1001', 'Red Bull Racing', 2, '19.412', 15, 2024),
('C20', 4, 'F1007', 'McLaren', 1, '20.354', 12, 2024),
('C20', 5, 'F1024', 'McLaren', 5, '21.921', 10, 2024),
('C20', 6, 'F1004', 'Mercedes', 20, '56.295', 8, 2024),
('C20', 7, 'F1003', 'Red Bull Racing', 9, '59.072', 6, 2024),
('C20', 8, 'F1023', 'Haas', 11, '62.957', 4, 2024),
('C20', 9, 'F1025', 'RB', 19, '70.563', 2, 2024),
('C20', 10, 'F1029', 'Williams', 15, '71.979', 1, 2024),
('C20', 11, 'F1013', 'Haas', 8, '79.782', 0, 2024),
('C20', 12, 'F1014', 'Alpine', 6, '90.558', 0, 2024),
('C20', 13, 'F1009', 'Aston Martin', 7, '+1 lap', 0, 2024),
('C20', 14, 'F1017', 'RB', 10, '+1 lap', 0, 2024),
('C20', 15, 'F1015', 'Aston Martin', 13, '+1 lap', 0, 2024),
('C20', 16, 'F1019', 'Williams', 14, '+1 lap', 0, 2024),
('C20', 17, 'F1010', 'Kick Sauber', 16, '+1 lap', 0, 2024),
('C20', 18, 'F1008', 'Alpine', 12, '+1 lap', 0, 2024),
('C20', 19, 'F1018', 'Kick Sauber', 18, '+1 lap', 0, 2024),
('C20', NULL, 'F1006', 'Mercedes', 17, 'DNF', 0, 2024),
('C21', 1, 'F1005', 'Ferrari', 1, '40:55.8', 25, 2024),
('C21', 2, 'F1007', 'McLaren', 3, '4.705', 18, 2024),
('C21', 3, 'F1002', 'Ferrari', 4, '34.387', 16, 2024),
('C21', 4, 'F1006', 'Mercedes', 6, '44.78', 12, 2024),
('C21', 5, 'F1004', 'Mercedes', 5, '48.536', 10, 2024),
('C21', 6, 'F1001', 'Red Bull Racing', 2, '59.558', 8, 2024),
('C21', 7, 'F1013', 'Haas', 7, '63.642', 6, 2024),
('C21', 8, 'F1024', 'McLaren', 17, '64.928', 4, 2024),
('C21', 9, 'F1023', 'Haas', 10, '+1 lap', 2, 2024),
('C21', 10, 'F1014', 'Alpine', 8, '+1 lap', 1, 2024),
('C21', 11, 'F1015', 'Aston Martin', 14, '+1 lap', 0, 2024),
('C21', 12, 'F1029', 'Williams', 16, '+1 lap', 0, 2024),
('C21', 13, 'F1008', 'Alpine', 20, '+1 lap', 0, 2024),
('C21', 14, 'F1010', 'Kick Sauber', 15, '+1 lap', 0, 2024),
('C21', 15, 'F1018', 'Kick Sauber', 19, '+1 lap', 0, 2024),
('C21', 16, 'F1025', 'RB', 12, '+1 lap', 0, 2024),
('C21', 17, 'F1003', 'Red Bull Racing', 18, '+1 lap', 0, 2024),
('C21', NULL, 'F1009', 'Aston Martin', 13, 'DNF', 0, 2024),
('C21', NULL, 'F1019', 'Williams', 9, 'DNF', 0, 2024),
('C21', NULL, 'F1017', 'RB', 11, 'DNF', 0, 2024),
('C22', 1, 'F1001', 'Red Bull Racing', 17, '06:54.4', 26, 2024),
('C22', 2, 'F1008', 'Alpine', 4, '19.477', 18, 2024),
('C22', 3, 'F1014', 'Alpine', 13, '22.532', 15, 2024),
('C22', 4, 'F1004', 'Mercedes', 2, '23.265', 12, 2024),
('C22', 5, 'F1002', 'Ferrari', 6, '30.177', 10, 2024),
('C22', 6, 'F1007', 'McLaren', 1, '31.372', 8, 2024),
('C22', 7, 'F1017', 'RB', 3, '42.056', 6, 2024),
('C22', 8, 'F1024', 'McLaren', 8, '44.943', 4, 2024),
('C22', 9, 'F1025', 'RB', 5, '50.452', 2, 2024),
('C22', 10, 'F1006', 'Mercedes', 14, '50.753', 1, 2024),
('C22', 11, 'F1003', 'Red Bull Racing', 12, '51.531', 0, 2024),
('C22', 12, 'F1027', 'Haas', 15, '57.085', 0, 2024),
('C22', 13, 'F1010', 'Kick Sauber', 11, '63.588', 0, 2024),
('C22', 14, 'F1009', 'Aston Martin', 9, '78.049', 0, 2024),
('C22', 15, 'F1018', 'Kick Sauber', 19, '79.649', 0, 2024),
('C22', NULL, 'F1005', 'Ferrari', 20, 'DNF', 0, 2024),
('C22', NULL, 'F1029', 'Williams', 16, 'DNF', 0, 2024),
('C22', NULL, 'F1019', 'Williams', 7, 'DNS', 0, 2024),
('C22', NULL, 'F1015', 'Aston Martin', 10, 'DNS', 0, 2024),
('C22', NULL, 'F1023', 'Haas', 18, 'DSQ', 0, 2024),
('C23', 1, 'F1004', 'Mercedes', 1, '22:06.0', 25, 2024),
('C23', 2, 'F1006', 'Mercedes', 10, '7.313', 18, 2024),
('C23', 3, 'F1005', 'Ferrari', 2, '11.906', 15, 2024),
('C23', 4, 'F1002', 'Ferrari', 4, '14.283', 12, 2024),
('C23', 5, 'F1001', 'Red Bull Racing', 5, '16.582', 10, 2024),
('C23', 6, 'F1007', 'McLaren', 6, '43.385', 9, 2024),
('C23', 7, 'F1024', 'McLaren', 8, '51.365', 6, 2024),
('C23', 8, 'F1023', 'Haas', 9, '59.808', 4, 2024),
('C23', 9, 'F1017', 'RB', 7, '62.808', 2, 2024),
('C23', 10, 'F1003', 'Red Bull Racing', 15, '63.114', 1, 2024),
('C23', 11, 'F1009', 'Aston Martin', 16, '69.195', 0, 2024),
('C23', 12, 'F1013', 'Haas', 12, '69.803', 0, 2024),
('C23', 13, 'F1018', 'Kick Sauber', 13, '74.085', 0, 2024),
('C23', 14, 'F1029', 'Williams', 20, '75.172', 0, 2024),
('C23', 15, 'F1015', 'Aston Martin', 18, '84.102', 0, 2024),
('C23', 16, 'F1025', 'RB', 14, '91.005', 0, 2024),
('C23', 17, 'F1008', 'Alpine', 11, '+1 lap', 0, 2024),
('C23', 18, 'F1010', 'Kick Sauber', 19, '+1 lap', 0, 2024),
('C23', NULL, 'F1019', 'Williams', 17, 'DNF', 0, 2024),
('C23', NULL, 'F1014', 'Alpine', 3, 'DNF', 0, 2024),
('C24', 1, 'F1001', 'Red Bull Racing', 2, '31:05.3', 25, 2024),
('C24', 2, 'F1002', 'Ferrari', 5, '6.031', 18, 2024),
('C24', 3, 'F1024', 'McLaren', 4, '6.819', 15, 2024),
('C24', 4, 'F1004', 'Mercedes', 1, '14.104', 12, 2024),
('C24', 5, 'F1014', 'Alpine', 11, '16.782', 10, 2024),
('C24', 6, 'F1005', 'Ferrari', 7, '17.476', 8, 2024),
('C24', 7, 'F1009', 'Aston Martin', 8, '19.867', 6, 2024),
('C24', 8, 'F1018', 'Kick Sauber', 12, '25.36', 4, 2024),
('C24', 9, 'F1013', 'Haas', 10, '32.177', 2, 2024),
('C24', 10, 'F1007', 'McLaren', 3, '35.762', 2, 2024),
('C24', 11, 'F1010', 'Kick Sauber', 13, '50.243', 0, 2024),
('C24', 12, 'F1006', 'Mercedes', 6, '56.122', 0, 2024),
('C24', 13, 'F1017', 'RB', 14, '61.1', 0, 2024),
('C24', 14, 'F1025', 'RB', 17, '62.656', 0, 2024),
('C24', 15, 'F1019', 'Williams', 16, '+1 lap', 0, 2024),
('C24', NULL, 'F1023', 'Haas', 18, 'DNF', 0, 2024),
('C24', NULL, 'F1003', 'Red Bull Racing', 9, 'DNF', 0, 2024),
('C24', NULL, 'F1015', 'Aston Martin', 15, 'DNF', 0, 2024),
('C24', NULL, 'F1029', 'Williams', 19, 'DNF', 0, 2024),
('C24', NULL, 'F1008', 'Alpine', 20, 'DNF', 0, 2024),
('C25', 1, 'F1007', 'McLaren', 1, '26:33.3', 25, 2024),
('C25', 2, 'F1005', 'Ferrari', 3, '5.832', 18, 2024),
('C25', 3, 'F1002', 'Ferrari', 19, '31.928', 15, 2024),
('C25', 4, 'F1006', 'Mercedes', 16, '36.483', 12, 2024),
('C25', 5, 'F1004', 'Mercedes', 6, '37.538', 10, 2024),
('C25', 6, 'F1001', 'Red Bull Racing', 4, '49.847', 8, 2024),
('C25', 7, 'F1014', 'Alpine', 5, '72.56', 6, 2024),
('C25', 8, 'F1023', 'Haas', 7, '75.554', 4, 2024),
('C25', 9, 'F1009', 'Aston Martin', 8, '82.373', 2, 2024),
('C25', 10, 'F1024', 'McLaren', 2, '83.821', 1, 2024),
('C25', 11, 'F1019', 'Williams', 18, '+1 lap', 0, 2024),
('C25', 12, 'F1017', 'RB', 11, '+1 lap', 0, 2024),
('C25', 13, 'F1018', 'Kick Sauber', 15, '+1 lap', 0, 2024),
('C25', 14, 'F1015', 'Aston Martin', 13, '+1 lap', 0, 2024),
('C25', 15, 'F1030', 'Alpine', 17, '+1 lap', 0, 2024),
('C25', 16, 'F1013', 'Haas', 14, '+1 lap', 0, 2024),
('C25', 17, 'F1025', 'RB', 12, 'DNF', 0, 2024),
('C25', NULL, 'F1010', 'Kick Sauber', 9, 'DNF', 0, 2024),
('C25', NULL, 'F1029', 'Williams', 20, 'DNF', 0, 2024),
('C25', NULL, 'F1003', 'Red Bull Racing', 10, 'DNF', 0, 2024);
